Time,Gripper X,Gripper Y,Gripper Z,Desired X,Desired Y,Desired Z,Actual Linear X,Actual Linear Y,Actual Linear Z,Actual Angular X,Actual Angular Y,Actual Angular Z
0.054605960845947266,-0.139174487193888,-0.817510077463507,0.5421364354109357,0.0,0.0,0.0,-0.000959731210606132,-0.014951337005990939,-0.03254695505171877,0.04075382624946371,-0.0024512315639081046,0.0015835843497670919
0.15662503242492676,-0.1391682465641364,-0.8175623928106178,0.5422196681368882,0.0,0.0,0.0,-0.0009599384804967492,-0.01495765271321614,-0.03255512176659118,0.04076118726164168,-0.00245109819954087,0.0015828377379519221
0.2567880153656006,-0.13916814631673982,-0.8175632281300285,0.542221002907614,0.0,0.0,0.0,-0.0009599428988804558,-0.014957760162516702,-0.03255526623844753,0.04076132239161737,-0.002451097504322188,0.001582826074370663
0.35735487937927246,-0.1391681463167435,-0.8175632281300301,0.5422210029076092,0.0,0.0,0.0,-0.0009599429012111444,-0.014957760163613724,-0.03255526624166362,0.040761322395654775,-0.0024510975045188487,0.0015828260717381114
0.45699191093444824,-0.1391657472505938,-0.8175380349830011,0.542304331112846,-0.5000213305926777,-0.3947090703468431,0.500964134917,-0.0009601425915569937,-0.01496042421116368,-0.032552955040415,0.0407595444988354,-0.0024512871283447714,0.001582539683746993
0.5575850009918213,-0.13914717779771357,-0.8173425955338264,0.542949244120442,-0.5000213305926777,-0.3947090703468431,0.500964134917,-0.0009615725195010463,-0.014980856125174646,-0.03253463073022638,0.040745242796079724,-0.0024527231044392645,0.0015804249502341617
0.6570239067077637,-0.1390965518156914,-0.8168058204502349,0.5447068685489733,-0.5000213305926777,-0.3947090703468431,0.500964134917,-0.0009653450263781282,-0.015036287201614245,-0.0324841465805389,0.04070575132380801,-0.002456609312552501,0.0015747460036520241
0.7570400238037109,-0.13900741913554424,-0.8158466888389058,0.547799260347545,-0.5000213305926777,-0.3947090703468431,0.500964134917,-0.0009718288857121274,-0.015133217467166222,-0.032394159951130354,0.04063543389089605,-0.0024634069307146343,0.0015647653115583556
0.8582930564880371,-0.13887563175961187,-0.8143954937885748,0.5523667747058977,-0.5000213305926777,-0.3947090703468431,0.500964134917,-0.000981169525353846,-0.015275095283595816,-0.03225882689255008,0.040530002345944685,-0.002473374285844505,0.001549921974469925
0.9570050239562988,-0.13870578674948192,-0.8124666002970194,0.5582453407730149,-0.5000213305926777,-0.3947090703468431,0.500964134917,-0.000992834461183016,-0.015455446085734095,-0.0320805279610336,0.04039170964452973,-0.002486080133073968,0.0015305737126693193
1.0560579299926758,-0.13849513449859027,-0.8099815929038592,0.5655246684943933,-0.5000213305926777,-0.3947090703468431,0.500964134917,-0.0010067485889554005,-0.01567520251071028,-0.03185337095403293,0.04021646422305376,-0.0025016181667609472,0.00150619436873182
1.1578469276428223,-0.1382487239366718,-0.8069427255922403,0.5740247249457874,-0.5000213305926777,-0.3947090703468431,0.500964134917,-0.0010222567478481246,-0.0159266778718693,-0.03157919596073978,0.04000619795220928,-0.0025194745809000493,0.0014771134305324295
1.2561919689178467,-0.13799097870457638,-0.8036091056752372,0.5829003910181277,-0.5000213305926777,-0.3947090703468431,0.500964134917,-0.0010375859865750054,-0.016183163571898806,-0.031282600796162165,0.03978006545935881,-0.0025377691169266247,0.001446030826596557
1.3579180240631104,-0.13771719667096213,-0.7998909378155792,0.592313340306632,-0.5000213305926777,-0.3947090703468431,0.500964134917,-0.0010528519316247115,-0.016448104943951172,-0.030956470163485118,0.039532749056010875,-0.0025567530690831313,0.0014122634194123859
1.4597289562225342,-0.1374381782661465,-0.7959094801075172,0.6018930102598953,-0.5000213305926777,-0.3947090703468431,0.500964134917,-0.001067306026564485,-0.01670996294177157,-0.030612215253991486,0.03927292782033502,-0.0025756016365640322,0.0013770516477736232
1.559391975402832,-0.13718105409468292,-0.7920642630618135,0.6107113873893824,-0.5000213305926777,-0.3947090703468431,0.500964134917,-0.0010796122319594757,-0.016943788944940964,-0.03028419190591291,0.0390263002485144,-0.0025925043567358924,0.0013438896945435774
1.6603188514709473,-0.13693516736162745,-0.7882247701083623,0.6191378081687205,-0.5000213305926777,-0.3947090703468431,0.500964134917,-0.0010904436280255174,-0.017160483621987268,-0.029960660578102625,0.0387837439330503,-0.0026082294660584367,0.0013115399043564934
1.759403944015503,-0.13672813030426353,-0.7848656029301634,0.6262293458035948,-0.5000213305926777,-0.3947090703468431,0.500964134917,-0.001098829942579216,-0.017337541309327045,-0.029680632130334176,0.038574210237233605,-0.0026211210688626553,0.0012838226041487146
1.8595218658447266,-0.13654969558803803,-0.7818755565048323,0.6323395670654043,-0.5000213305926777,-0.3947090703468431,0.500964134917,-0.0011054978992258795,-0.017486047756815375,-0.029433566130786785,0.03838954397955138,-0.0026319612190287413,0.0012595899263994589
1.9612438678741455,-0.13641537127696188,-0.7795654270385302,0.6369388102897359,-0.5000213305926777,-0.3947090703468431,0.500964134917,-0.001110155704086675,-0.017595248111677536,-0.02924396227963266,0.038247876487821714,-0.002639943418024325,0.0012411463715304182
2.0602450370788574,-0.13632354192902013,-0.7779563347627142,0.6400829897459416,-0.5000213305926777,-0.3947090703468431,0.500964134917,-0.001113140915928072,-0.017668545421273944,-0.029112447501671166,0.03814957280227507,-0.002645299582488503,0.0012284500487423444
2.160098075866699,-0.13626773191856714,-0.7769664262429491,0.641993927564384,-0.5000213305926777,-0.3947090703468431,0.500964134917,-0.0011148524992610508,-0.017712484612670616,-0.02903165335111485,0.03808910083326431,-0.002648500758399973,0.0012207151214536293
2.259330987930298,-0.13624331344473573,-0.7765304453510621,0.6428300338373212,-0.5000213305926777,-0.3947090703468431,0.500964134917,-0.0011155495511345793,-0.017731495118661112,-0.028995978952546072,0.038062312750988446,-0.0026498734535005636,0.0012173465885815136
2.3592870235443115,-0.13623854617211442,-0.7764451237572795,0.6429932694441864,-0.5000213305926777,-0.3947090703468431,0.500964134917,-0.001115658633883097,-0.017735145765685398,-0.028988910944042046,0.03805695375482398,-0.002650129017609719,0.0012167095960495082
2.4598920345306396,-0.1362385366185284,-0.7764449527378315,0.642993596508309,-0.5000213305926777,-0.3947090703468431,0.500964134917,-0.0011156571864220088,-0.01773515481861208,-0.02898889912215072,0.03805694609069377,-0.0026501296487927376,0.0012167105846165355
2.5600218772888184,-0.136238649384124,-0.7764443040345669,0.6429946736994113,-0.5000213305926777,-0.3947090703468431,0.500964134917,-0.0011156608055344752,-0.017735184544834158,-0.028988859622155718,0.038056923905906294,-0.0026501349679964358,0.0012167096664685644
2.6602840423583984,-0.13626794987518534,-0.7762756551336417,0.6432745986812255,-0.5000213305926777,-0.3947090703468431,0.500964134917,-0.001116769419499169,-0.0177412727989275,-0.028975999891102527,0.038047744156736264,-0.0026512010422155728,0.0012159366489041918
2.7609119415283203,-0.13640961609401253,-0.7754576478235755,0.6446289151225552,-0.5000213305926777,-0.3947090703468431,0.500964134917,-0.0011220877602704745,-0.01776993543613311,-0.02891256981774488,0.03800178018329331,-0.0026562069906940137,0.0012121109295053284
2.8665380477905273,-0.13673460646002786,-0.773564672945766,0.6477414709020821,-0.5000213305926777,-0.3947090703468431,0.500964134917,-0.0011342431097243035,-0.01783460450241756,-0.02876535797559057,0.03789452420172528,-0.002667545498387877,0.001203292542356739
2.961617946624756,-0.1372507454506987,-0.7705104476977894,0.6527014493482487,-0.5000213305926777,-0.3947090703468431,0.500964134917,-0.0011535228446468617,-0.017935116270435272,-0.028528224776373238,0.03772100642049506,-0.0026853381576226556,0.0011892345896321703
3.062798023223877,-0.1379896163148965,-0.7660328685835284,0.6598392372421946,-0.5000213305926777,-0.3947090703468431,0.500964134917,-0.0011811168539697281,-0.018074613838374554,-0.02818219068204661,0.03746656392682009,-0.0027104308585946466,0.0011690129592871563
3.165432929992676,-0.13894699997969365,-0.7600383745819922,0.6691579073727743,-0.5000213305926777,-0.3947090703468431,0.500964134917,-0.0012168743802949363,-0.018247602343907727,-0.0277223338760639,0.03712634251709003,-0.002742306266147208,0.001142638263547257
3.264477014541626,-0.14002671104651362,-0.7530015105728418,0.6797702968716957,-0.5000213305926777,-0.3947090703468431,0.500964134917,-0.0012571847901012467,-0.018431738532307507,-0.027187689297799904,0.03672783352197363,-0.0027773695249135337,0.0011126457055178358
3.365809917449951,-0.1412680276098729,-0.7445222570376161,0.6921205207748329,-0.5000213305926777,-0.3947090703468431,0.500964134917,-0.0013034518975113124,-0.018628185785831735,-0.02655095923270886,0.03624899205628557,-0.0028164554438071905,0.0010778134151819543
3.466991901397705,-0.14254590727366098,-0.73531993076759,0.7050219098050622,-0.5000213305926777,-0.3947090703468431,0.500964134917,-0.0013509075288239418,-0.01881205194721256,-0.025869199780123097,0.03573097406568403,-0.002855215010701428,0.0010415267599371344
3.5656590461730957,-0.14380165889390248,-0.72576193639019,0.7179099996509141,-0.5000213305926777,-0.3947090703468431,0.500964134917,-0.001397257665708584,-0.018972937367543123,-0.025171236889956018,0.03519467587502804,-0.002891702395788106,0.001005399686582099
3.666339874267578,-0.14505751500315328,-0.715635928171825,0.731037166937023,-0.5000213305926777,-0.3947090703468431,0.500964134917,-0.0014431965163385612,-0.019112236192909998,-0.024442970081916187,0.03462831055087832,-0.002926430650348347,0.0009687481906039282
3.764940023422241,-0.14616950807144086,-0.7061414622201448,0.7428879498161708,-0.5000213305926777,-0.3947090703468431,0.500964134917,-0.0014833975119095066,-0.01921562959279777,-0.023770454823067076,0.034098809833417586,-0.002955533782331112,0.0009358006598307116
3.868277072906494,-0.14719042094141319,-0.6969358091112456,0.7539831205703134,-0.5000213305926777,-0.3947090703468431,0.500964134917,-0.0015197923042693118,-0.019292233227559304,-0.02312781878931534,0.03358667590671539,-0.00298071728705379,0.0009050793138104451
3.968303918838501,-0.14803011774309066,-0.6889737938528462,0.7632837694676845,-0.5000213305926777,-0.3947090703468431,0.500964134917,-0.0015492675123565597,-0.019340664715661267,-0.022579352647811267,0.03314455179865982,-0.003000185428168706,0.0008794129196896058
4.068120002746582,-0.14869585196503318,-0.6823849678061016,0.7707832221258102,-0.5000213305926777,-0.3947090703468431,0.500964134917,-0.0015722828990781086,-0.019368719101007095,-0.022130495387668453,0.03277905295947598,-0.0030147143379476563,0.0008587548432322932
4.16909384727478,-0.1491848664692438,-0.6773759518259594,0.7763697412578371,-0.5000213305926777,-0.3947090703468431,0.500964134917,-0.0015889594128037034,-0.019382885997068663,-0.02179213565781633,0.032501170403645516,-0.0030248012149587077,0.0008433577768945056
4.274388074874878,-0.1495059389273981,-0.6740040066730025,0.7800762379932408,-0.5000213305926777,-0.3947090703468431,0.500964134917,-0.0015997908949148339,-0.019388848971757553,-0.021565558186687796,0.032313795444798385,-0.0030310990632155892,0.000833099461084244
4.375601053237915,-0.14968030989857126,-0.6721438350247202,0.7821026648845357,-0.5000213305926777,-0.3947090703468431,0.500964134917,-0.0016056295911962139,-0.01939070821020392,-0.02144073915573887,0.03220996330098414,-0.0030343629549733214,0.0008274322935470414
4.4743170738220215,-0.14974338255787134,-0.6714658373716897,0.7828380592177725,-0.5000213305926777,-0.3947090703468431,0.500964134917,-0.0016077293131929622,-0.019390915826891512,-0.021395038382313027,0.03217168003465878,-0.0030354723965429612,0.0008253252513031722
4.573637008666992,-0.14975054426563103,-0.6713886777954929,0.7829216430048007,-0.5000213305926777,-0.3947090703468431,0.500964134917,-0.0016079591293863859,-0.019390842244748265,-0.02138974042676693,0.03216717390453149,-0.0030355784896369917,0.000825077492536783
4.673181056976318,-0.14975054426577922,-0.6713886777949599,0.7829216430053423,-0.5000213305926777,-0.3947090703468431,0.500964134917,-0.0016079592775844781,-0.019390841711128343,-0.021389739884592508,0.03216717308695196,-0.003035578418778518,0.0008250771967520667
4.7738869190216064,-0.14975055412100038,-0.6713886226821008,0.7829216988461012,-0.5000213305926777,-0.3947090703468431,0.500964134917,-0.0016175101394446444,-0.01933565172498336,-0.02133373473690818,0.03202329873112463,-0.0036391038233344786,0.0014936149297991835
4.88322901725769,-0.14975054604762209,-0.6713886797671957,0.7829216404389656,-0.5000213305926777,-0.3947090703468431,0.500964134917,-0.001609741748552639,-0.019392813711004587,-0.021392306312045965,0.0321710575273723,-0.003035624218654359,0.0008224553379060944
4.986643075942993,-0.1497505458580786,-0.6713886893303941,0.7829216301282449,-0.5000213305926777,-0.3947090703468431,0.500964134917,-0.001609551861327114,-0.0194023766786515,-0.02140261735493438,0.03218673801925563,-0.0030351459979366356,0.0008221383933955106
5.084640026092529,-0.14975051602011982,-0.671388704988908,0.782921620377884,-0.5000213305926777,-0.3947090703468431,0.500964134917,-0.0015797176873202242,-0.01941805588706956,-0.021412392358790437,0.03220160064623907,-0.0030359616170831513,0.0008674118832616715
5.185091018676758,-0.14975054483045006,-0.6713886825955011,0.7829216376699814,-0.5000213305926777,-0.3947090703468431,0.500964134917,-0.001608523973805116,-0.019395642080506866,-0.02139507540146066,0.032175263607923665,-0.0030356175966541896,0.0008242432855060822
5.285184860229492,-0.1497505441960585,-0.6713886777814251,0.7829216430368497,-0.5000213305926777,-0.3947090703468431,0.500964134917,-0.001607889360968313,-0.01939082822795441,-0.021389708384253536,0.0321671261726416,-0.003035572619282079,0.0008251751068726863
5.385788917541504,-0.14976220459058556,-0.6713832476159726,0.7829244220596812,-0.5000213305926777,-0.3947090703468431,0.500964134917,-0.0016082429471963853,-0.01939080810170384,-0.021389539013673742,0.032166941474780074,-0.0030361173098090253,0.0008251622970012384
5.485930919647217,-0.15058637081045845,-0.6709986095600442,0.7831208063467907,-0.5000213305926777,-0.3947090703468431,0.500964134917,-0.0016313747531953048,-0.019385926391241804,-0.02137338608847065,0.032147671950388194,-0.0030736039085220357,0.0008259461175781258
5.585932970046997,-0.15398503445245662,-0.6693951888291282,0.7839297353317224,-0.5000213305926777,-0.3947090703468431,0.500964134917,-0.0017284596267056745,-0.019364069797500442,-0.021305646980732583,0.03206617654744207,-0.003227726845986076,0.0008264096685859498
5.6859869956970215,-0.1618068066250515,-0.6655981633140735,0.7857858771011684,-0.5000213305926777,-0.3947090703468431,0.500964134917,-0.0019535262281881907,-0.019309278464630732,-0.021147362053919167,0.03187273825877827,-0.00358132236926079,0.0008254047678242942
5.789767026901245,-0.17475966997767142,-0.6589741823906171,0.7888428450348135,-0.5000213305926777,-0.3947090703468431,0.500964134917,-0.002328435260753673,-0.0192062584551396,-0.02087902877408803,0.03153588479365632,-0.004163926145778709,0.0008220068753471994
5.889426946640015,-0.19345375504432333,-0.6486417882265558,0.7932185159648668,-0.5000213305926777,-0.3947090703468431,0.500964134917,-0.002872733447437731,-0.019030265396409257,-0.02047797062807511,0.031012873753750694,-0.004998166049631932,0.0008154690320112334
5.9905030727386475,-0.2172993397495608,-0.6340436014951847,0.7987391948974119,-0.5000213305926777,-0.3947090703468431,0.500964134917,-0.003571020674476133,-0.01875635843273404,-0.019941074564096807,0.03027914902037109,-0.006050150807372446,0.0008054498923438175
6.091659069061279,-0.24730033315955946,-0.6131738092811878,0.805590235495931,-0.5000213305926777,-0.3947090703468431,0.500964134917,-0.00445358557648272,-0.01832574156405037,-0.019220372777579275,0.029240339094392265,-0.007352049291006244,0.0007907568496351923
6.194958925247192,-0.28205052205521997,-0.5849522251821654,0.8133950879361063,-0.5000213305926777,-0.3947090703468431,0.500964134917,-0.005477330638221523,-0.017690425349580798,-0.01831112941047053,0.02785344423516283,-0.008824784686661003,0.0007708795175017901
6.2886269092559814,-0.31550230148206165,-0.5527539273923242,0.820772573811975,-0.5000213305926777,-0.3947090703468431,0.500964134917,-0.006458581331434699,-0.01691330360405231,-0.01734133755057276,0.026294973078681762,-0.01019878933481132,0.0007482865039822183
6.390298843383789,-0.35120229680847326,-0.5112015542328909,0.8284845324413339,-0.5000213305926777,-0.3947090703468431,0.500964134917,-0.007491854381547255,-0.015854822595887812,-0.01616811179013078,0.024320113768617636,-0.01160388139256554,0.0007189277292533618
6.4895339012146,-0.38474568355362876,-0.4623117140455213,0.8355410900125608,-0.5000213305926777,-0.3947090703468431,0.500964134917,-0.008435067174195312,-0.01455809566191076,-0.014871779975431734,0.022048216719115152,-0.01284357273800484,0.0006834258400947755
6.590384006500244,-0.41382088016893276,-0.40690098413941317,0.8414270178377108,-0.5000213305926777,-0.3947090703468431,0.500964134917,-0.00920831580523347,-0.013050274068067778,-0.013484974678214379,0.019540728405633177,-0.013818222589005152,0.0006411174482751506
6.690265893936157,-0.43639126973249254,-0.3464323598360621,0.8456834236511495,-0.5000213305926777,-0.3947090703468431,0.500964134917,-0.00974414120304326,-0.01138535503490631,-0.012047599393928438,0.016886788703132323,-0.014451386988828622,0.0005917292588298869
6.791827917098999,-0.4511571150828337,-0.2816302363483626,0.8479752726235177,-0.5000213305926777,-0.3947090703468431,0.500964134917,-0.01000023495241058,-0.009603328081574108,-0.010574588931596253,0.014139941756250992,-0.014701096563974931,0.0005347116756527727
6.8919548988342285,-0.4567626819846634,-0.2174303723670306,0.847989463447454,-0.5000213305926777,-0.3947090703468431,0.500964134917,-0.00995234847649216,-0.007861656423224686,-0.009167543079292908,0.011521316476869981,-0.014553216402368925,0.00047421213785005446
6.992405891418457,-0.45364800308656683,-0.15500864628372313,0.8457358457355666,-0.5000213305926777,-0.3947090703468431,0.500964134917,-0.00962650249859672,-0.0062104051702408574,-0.007836245316850883,0.009079155435100723,-0.014049503788726412,0.00041224257269348075
7.092911958694458,-0.4426654658649111,-0.09657000112960645,0.8413291332949867,-0.5000213305926777,-0.3947090703468431,0.500964134917,-0.00906851011219927,-0.004720523653616873,-0.0066121461939405235,0.00689469492000977,-0.013252972974343328,0.00035253015053394435
7.193389892578125,-0.42530165601519626,-0.043861719616472214,0.8350462419197393,-0.5000213305926777,-0.3947090703468431,0.500964134917,-0.008343320484100508,-0.003440776364482766,-0.005517542933060784,0.005020899037608429,-0.01224631626339207,0.00029869152706307126
7.292440891265869,-0.4039151212930547,0.001129690924718433,0.8274674474985926,-0.5000213305926777,-0.3947090703468431,0.500964134917,-0.007540760495307335,-0.0024125339400624508,-0.004582544065286432,0.0035074698284090137,-0.011143004805448421,0.00025430875998079473
7.391824960708618,-0.37963657166200554,0.03974590754421686,0.8187874129832328,-0.5000213305926777,-0.3947090703468431,0.500964134917,-0.0066971424719480185,-0.001592127371146484,-0.0037722209333045883,0.0022865964726489184,-0.009983347747755382,0.00021902378866888456
7.492999076843262,-0.3543264430217722,0.07162697980925636,0.8095300606184419,-0.5000213305926777,-0.3947090703468431,0.500964134917,-0.005871980532973609,-0.0009717410890491046,-0.0030907091461397913,0.0013483375391323057,-0.008842159513669663,0.00019350034279473535
7.593703031539917,-0.33114191619378336,0.09563267191909736,0.8008049973738752,-0.5000213305926777,-0.3947090703468431,0.500964134917,-0.005155811154026484,-0.0005493164216614322,-0.0025640908428846685,0.0006966450028440746,-0.00784192443436457,0.00017781512418823506
7.6947760581970215,-0.3095357939628218,0.11455627253084882,0.7924279363290951,-0.5000213305926777,-0.3947090703468431,0.500964134917,-0.0045186140978960634,-0.00025188549907412743,-0.002135726931631809,0.00022738478399887202,-0.0069414122475137206,0.0001687190042605025
7.794025897979736,-0.29207169592685905,0.12782274545518835,0.7854639008826583,-0.5000213305926777,-0.3947090703468431,0.500964134917,-0.004023369890215541,-6.758952995098227e-05,-0.001824952961012511,-7.040775725895761e-05,-0.006232894542619596,0.00016479249672501366
7.893741846084595,-0.2778153652718513,0.13746721150208766,0.7796402605628066,-0.5000213305926777,-0.3947090703468431,0.500964134917,-0.0036316247932843956,5.0454851969363326e-05,-0.0015913349267891272,-0.00026570669777145124,-0.005666109124354633,0.00016362556392942993
7.994585990905762,-0.2679747565739601,0.14355283739726613,0.7755430918209967,-0.5000213305926777,-0.3947090703468431,0.500964134917,-0.003367583466836553,0.00011648930574670584,-0.0014395028503456128,-0.00037736178720302867,-0.005280509603027602,0.00016376189271640067
8.09494686126709,-0.2615730000983513,0.14727441862400725,0.772842260842632,-0.5000213305926777,-0.3947090703468431,0.500964134917,-0.00319849485542064,0.0001531044299085507,-0.001344545277412744,-0.0004403355775816104,-0.005031927221342718,0.0001641529104693099
8.19603705406189,-0.25822645622571516,0.14914775065971544,0.7714189530687182,-0.5000213305926777,-0.3947090703468431,0.500964134917,-0.0031108524791427965,0.0001703480013175471,-0.0012960197043246505,-0.00047029727024360196,-0.004902553413028328,0.00016433410290965316
8.294798851013184,-0.257162867034251,0.1497329271204154,0.770964931054408,-0.5000213305926777,-0.3947090703468431,0.500964134917,-0.0030830361772969093,0.00017557941318828706,-0.0012807291069242856,-0.0004793895655243281,-0.004861423316571279,0.00016428048418557157
8.396106958389282,-0.25707285712623823,0.14978222541624722,0.7709264706477679,-0.5000213305926777,-0.3947090703468431,0.500964134917,-0.003080691285553275,0.00017602305385355956,-0.0012794433764275847,-0.0004801487357228636,-0.004857959990773122,0.00016424300779363347
8.4961998462677,-0.2570728571262978,0.14978222541624564,0.7709264706477426,-0.5000213305926777,-0.3947090703468431,0.500964134917,-0.0030806913468325427,0.00017602305200936828,-0.0012794434025295992,-0.0004801487413823317,-0.004857960084891131,0.00016424302847332912
8.598034858703613,-0.2570728571263012,0.1497822254162456,0.7709264706477411,-0.5000213305926777,-0.3947090703468431,0.500964134917,-0.0030806913468397895,0.0001760230520110259,-0.0012794434025339035,-0.00048014874138073,-0.004857960084905137,0.00016424302846157365
8.69837999343872,-0.25707285712629896,0.14978222541624547,0.770926470647742,-0.5000213305926777,-0.3947090703468431,0.500964134917,-0.0030806913468290095,0.00017602305201090492,-0.0012794434025283617,-0.00048014874138193437,-0.004857960084888114,0.00016424302846207618
8.797618865966797,-0.25707285712630057,0.14978222541624558,0.7709264706477413,-0.5000213305926777,-0.3947090703468431,0.500964134917,-0.0030806913468241484,0.00017602305200992236,-0.0012794434025260163,-0.0004801487413817362,-0.004857960084880007,0.0001642430284675301
8.898715019226074,-0.25707285712630024,0.14978222541624556,0.7709264706477416,-0.5000213305926777,-0.3947090703468431,0.500964134917,-0.003080691346831122,0.00017602305201272193,-0.0012794434025299034,-0.00048014874138114263,-0.0048579600848924764,0.0001642430284548928
8.99987506866455,-0.25707285712629896,0.14978222541624547,0.770926470647742,-0.5000213305926777,-0.3947090703468431,0.500964134917,-0.003080691346851635,0.00017602305201012058,-0.0012794434025386154,-0.0004801487413821193,-0.004857960084921617,0.000164243028471256
9.100663900375366,-0.2570728571263,0.14978222541624578,0.7709264706477416,-0.5000213305926777,-0.3947090703468431,0.500964134917,-0.0030806913468284934,0.0001760230520059835,-0.0012794434025276782,-0.0004801487413806161,-0.00485796008488338,0.00016424302848387032
9.204465866088867,-0.25707285712629846,0.14978222541624545,0.7709264706477422,-0.5000213305926777,-0.3947090703468431,0.500964134917,-0.003080691346827629,0.00017602305200511647,-0.001279443402526251,-0.0004801487413830071,-0.004857960084879945,0.0001642430284955331
9.30266785621643,-0.25707285712629957,0.14978222541624553,0.7709264706477418,-0.5000213305926777,-0.3947090703468431,0.500964134917,-0.003080691346818795,0.0001760230520076945,-0.0012794434025236439,-0.00048014874138040234,-0.004857960084868992,0.00016424302847772572
9.400239944458008,-0.2570728571262994,0.14978222541624572,0.7709264706477418,-0.5000213305926777,-0.3947090703468431,0.500964134917,-0.0030806913468374836,0.00017602305201130404,-0.0012794434025328904,-0.0004801487413805966,-0.004857960084900787,0.00016424302846179754
9.500570058822632,-0.2570728571262995,0.1497822254162455,0.7709264706477418,-0.5000213305926777,-0.3947090703468431,0.500964134917,-0.0030806913468332574,0.00017602305200277202,-0.0012794434025286871,-0.00048014874138256565,-0.004857960084886711,0.0001642430285063004
9.601564884185791,-0.2570728571262995,0.1497822254162455,0.7709264706477418,-0.5000213305926777,-0.3947090703468431,0.500964134917,-0.003080691346819992,0.000176023052006249,-0.0012794434025239876,-0.0004801487413802675,-0.004857960084870079,0.0001642430284831536
9.701714992523193,-0.2570728571263,0.14978222541624578,0.7709264706477416,-0.5000213305926777,-0.3947090703468431,0.500964134917,-0.00308069134683109,0.0001760230520099237,-0.001279443402530468,-0.0004801487413783857,-0.004857960084892291,0.0001642430284585805
9.801311016082764,-0.2570728571262995,0.1497822254162455,0.7709264706477418,-0.5000213305926777,-0.3947090703468431,0.500964134917,-0.0030806913468529856,0.00017602305201065726,-0.0012794434025396439,-0.0004801487413812959,-0.004857960084925118,0.00016424302846472147
9.901751041412354,-0.2570728571262995,0.1497822254162455,0.7709264706477418,-0.5000213305926777,-0.3947090703468431,0.500964134917,-0.003080691346828059,0.0001760230520135348,-0.001279443402529892,-0.0004801487413778746,-0.00485796008489026,0.00016424302844047443
10.001922845840454,-0.2570728571262995,0.1497822254162455,0.7709264706477418,-0.5000213305926777,-0.3947090703468431,0.500964134917,-0.0030806913468228855,0.00017602305200645744,-0.001279443402524595,-0.0004801487413822602,-0.004857960084873388,0.00016424302848879726
10.10191297531128,-0.2570728571262994,0.14978222541624572,0.7709264706477418,-0.5000213305926777,-0.3947090703468431,0.500964134917,-0.0030806913468196394,0.00017602305200232384,-0.0012794434025227516,-0.00048014874138134587,-0.004857960084866219,0.00016424302850311855
10.201432943344116,-0.25707285712630024,0.14978222541624578,0.7709264706477417,-0.5000213305926777,-0.3947090703468431,0.500964134917,-0.003080691346845348,0.00017602305201115957,-0.001279443402535753,-0.0004801487413825257,-0.004857960084913887,0.00016424302846356246
10.30223298072815,-0.25707285712629885,0.14978222541624572,0.770926470647742,-0.5000213305926777,-0.3947090703468431,0.500964134917,-0.0030806913468183652,0.00017602305200547702,-0.0012794434025233726,-0.00048014874137954555,-0.0048579600848672995,0.00016424302848433046
10.403255939483643,-0.25707285712629935,0.1497822254162455,0.7709264706477421,-0.5000213305926777,-0.3947090703468431,0.500964134917,-0.003080691346842736,0.00017602305201394426,-0.0012794434025358843,-0.000480148741380079,-0.0048579600849123624,0.0001642430284458589
10.50161099433899,-0.25707285712629946,0.14978222541624572,0.7709264706477418,-0.5000213305926777,-0.3947090703468431,0.500964134917,-0.0030806913468330063,0.00017602305200699973,-0.001279443402529487,-0.0004801487413823713,-0.004857960084891171,0.0001642430284828103
10.601814985275269,-0.25707285712629796,0.14978222541624542,0.7709264706477426,-0.5000213305926777,-0.3947090703468431,0.500964134917,-0.003080691346821265,0.0001760230520030796,-0.0012794434025240513,-0.0004801487413800291,-0.004857960084869077,0.00016424302849752303
10.702666997909546,-0.25707285712629896,0.14978222541624572,0.770926470647742,-0.5000213305926777,-0.3947090703468431,0.500964134917,-0.0030806913468456793,0.00017602305200994562,-0.0012794434025347366,-0.0004801487413849786,-0.004857960084911667,0.00016424302847760586
10.829526901245117,-0.2570728571262988,0.14978222541624547,0.7709264706477423,-0.5000213305926777,-0.3947090703468431,0.500964134917,-0.0030806913468259638,0.0001760230520109556,-0.0012794434025277038,-0.00048014874137981497,-0.004857960084884531,0.00016424302845721315
10.923747062683105,-0.25707285712629924,0.14978222541624572,0.7709264706477421,-0.5000213305926777,-0.3947090703468431,0.500964134917,-0.0030806913468267865,0.00017602305200816118,-0.0012794434025274824,-0.00048014874138015715,-0.004857960084881961,0.00016424302847448108
11.027720928192139,-0.25707285712630057,0.14978222541624558,0.7709264706477413,-0.5000213305926777,-0.3947090703468431,0.500964134917,-0.0030806913468375157,0.00017602305200816907,-0.001279443402531777,-0.00048014874138206274,-0.004857960084898213,0.00016424302847888316
11.129966974258423,-0.2570728571262995,0.1497822254162455,0.7709264706477418,-0.5000213305926777,-0.3947090703468431,0.500964134917,-0.0030806913468338823,0.00017602305201167785,-0.0012794434025314373,-0.00048014874137983893,-0.004857960084896772,0.00016424302845618777
11.231328964233398,-0.2570728571262995,0.1497822254162455,0.7709264706477418,-0.5000213305926777,-0.3947090703468431,0.500964134917,-0.003080691346829042,0.00017602305200827055,-0.001279443402528193,-0.00048014874138112637,-0.004857960084885836,0.00016424302847475983
11.331933975219727,-0.25707285712629957,0.14978222541624553,0.7709264706477418,-0.5000213305926777,-0.3947090703468431,0.500964134917,-0.0030806913468353677,0.00017602305200024412,-0.0012794434025281873,-0.0004801487413850264,-0.0048579600848867935,0.00016424302852443168
11.43614387512207,-0.2570728571262995,0.1497822254162455,0.7709264706477418,-0.5000213305926777,-0.3947090703468431,0.500964134917,-0.0030806913468231323,0.00017602305201023288,-0.0012794434025266697,-0.0004801487413789282,-0.00485796008487834,0.00016424302846207466
11.53318190574646,-0.2570728571262994,0.1497822254162455,0.7709264706477418,-0.5000213305926777,-0.3947090703468431,0.500964134917,-0.0030806913468182607,0.00017602305200600983,-0.001279443402523311,-0.0004801487413799267,-0.004857960084867424,0.00016424302848239988
11.638483047485352,-0.25707285712630007,0.14978222541624578,0.7709264706477416,-0.5000213305926777,-0.3947090703468431,0.500964134917,-0.003080691346810269,0.00017602305200476248,-0.001279443402519151,-0.00048014874138035225,-0.0048579600848531,0.00016424302848984108
11.733954906463623,-0.25707285712629846,0.14978222541624545,0.7709264706477422,-0.5000213305926777,-0.3947090703468431,0.500964134917,-0.0030806913468269057,0.00017602305200563675,-0.0012794434025263574,-0.00048014874138198614,-0.004857960084879706,0.00016424302849049925
11.834441900253296,-0.2570728571262995,0.1497822254162455,0.7709264706477418,-0.5000213305926777,-0.3947090703468431,0.500964134917,-0.0030806913468393476,0.00017602305201178922,-0.0012794434025334759,-0.00048014874138154254,-0.004857960084904801,0.00016424302845916618
11.958396911621094,-0.25707285712629957,0.14978222541624553,0.7709264706477418,-0.5000213305926777,-0.3947090703468431,0.500964134917,-0.003080691346826336,0.00017602305200907172,-0.001279443402527315,-0.00048014874138044766,-0.004857960084882989,0.00016424302846831322
12.052887916564941,-0.25707285712629835,0.1497822254162457,0.7709264706477422,-0.5000213305926777,-0.3947090703468431,0.500964134917,-0.0030806913468203437,0.00017602305200588135,-0.0012794434025231284,-0.00048014874138292165,-0.0048579600848695885,0.00016424302849070644
12.154896974563599,-0.25707285712629935,0.14978222541624572,0.7709264706477421,-0.5000213305926777,-0.3947090703468431,0.500964134917,-0.003080691346838275,0.00017602305200715353,-0.0012794434025315217,-0.00048014874138322257,-0.0048579600848978,0.00016424302848669944
12.261502027511597,-0.2570728571262995,0.1497822254162455,0.7709264706477418,-0.5000213305926777,-0.3947090703468431,0.500964134917,-0.0030806913468315357,0.00017602305201210242,-0.0012794434025306667,-0.0004801487413794377,-0.004857960084893853,0.0001642430284523293
12.359365940093994,-0.25707285712629957,0.14978222541624553,0.7709264706477418,-0.5000213305926777,-0.3947090703468431,0.500964134917,-0.003080691346821436,0.00017602305200972078,-0.0012794434025259552,-0.0004801487413782035,-0.004857960084876253,0.0001642430284608956
12.459539890289307,-0.25707285712629957,0.14978222541624553,0.7709264706477418,-0.5000213305926777,-0.3947090703468431,0.500964134917,-0.0030806913468488604,0.00017602305201144813,-0.0012794434025378257,-0.00048014874138145147,-0.004857960084919952,0.0001642430284606348
12.563715934753418,-0.2570728571262995,0.1497822254162455,0.7709264706477418,-0.5000213305926777,-0.3947090703468431,0.500964134917,-0.0030806913468230234,0.00017602305200867176,-0.0012794434025260697,-0.0004801487413793958,-0.004857960084878043,0.000164243028466806
12.66253399848938,-0.2570728571262995,0.1497822254162455,0.7709264706477418,-0.5000213305926777,-0.3947090703468431,0.500964134917,-0.0030806913468291904,0.00017602305200974024,-0.0012794434025285657,-0.0004801487413810218,-0.004857960084887222,0.00016424302846768498
12.762906074523926,-0.2570728571262995,0.1497822254162455,0.7709264706477418,-0.5000213305926777,-0.3947090703468431,0.500964134917,-0.0030806913468040638,0.0001760230520100246,-0.0012794434025187235,-0.0004801487413763762,-0.004857960084849886,0.00016424302845420422
12.865952014923096,-0.25707285712630007,0.14978222541624578,0.7709264706477416,-0.5000213305926777,-0.3947090703468431,0.500964134917,-0.003080691346821486,0.00017602305201460712,-0.001279443402527134,-0.0004801487413775881,-0.004857960084880948,0.00016424302843590013
12.962528944015503,-0.2570728571262995,0.1497822254162455,0.7709264706477418,-0.5000213305926777,-0.3947090703468431,0.500964134917,-0.003080691346849379,0.00017602305201622957,-0.001279443402538401,-0.00048014874138281306,-0.004857960084924527,0.00016424302844019535
13.065510988235474,-0.2570728571262995,0.1497822254162455,0.7709264706477418,-0.5000213305926777,-0.3947090703468431,0.500964134917,-0.0030806913468295733,0.0001760230520111763,-0.0012794434025303468,-0.00048014874137742653,-0.004857960084890752,0.0001642430284508923
13.163933992385864,-0.25707285712629796,0.14978222541624542,0.7709264706477426,-0.5000213305926777,-0.3947090703468431,0.500964134917,-0.003080691346812354,0.00017602305200899927,-0.0012794434025217606,-0.0004801487413779081,-0.004857960084861306,0.00016424302846204398
13.264692068099976,-0.25707285712629957,0.14978222541624553,0.7709264706477418,-0.5000213305926777,-0.3947090703468431,0.500964134917,-0.003080691346826019,0.0001760230520140473,-0.0012794434025285126,-0.0004801487413790471,-0.004857960084886382,0.0001642430284429181
13.36764907836914,-0.2570728571262995,0.1497822254162455,0.7709264706477418,-0.5000213305926777,-0.3947090703468431,0.500964134917,-0.0030806913468201516,0.0001760230520081217,-0.001279443402524478,-0.0004801487413799466,-0.004857960084871995,0.00016424302847267415
13.467114925384521,-0.2570728571263001,0.14978222541624556,0.7709264706477416,-0.5000213305926777,-0.3947090703468431,0.500964134917,-0.0030806913468263263,0.00017602305201073793,-0.0012794434025271014,-0.0004801487413819621,-0.004857960084883738,0.00016424302846353975
13.566534042358398,-0.25707285712629846,0.14978222541624545,0.7709264706477422,-0.5000213305926777,-0.3947090703468431,0.500964134917,-0.0030806913468284427,0.00017602305201011944,-0.0012794434025286197,-0.0004801487413802205,-0.004857960084886976,0.00016424302846318695
13.667778015136719,-0.2570728571262995,0.1497822254162455,0.7709264706477418,-0.5000213305926777,-0.3947090703468431,0.500964134917,-0.0030806913468132374,0.00017602305200894696,-0.0012794434025221522,-0.00048014874137784996,-0.004857960084863103,0.0001642430284624066
13.76770305633545,-0.25707285712629957,0.14978222541624553,0.7709264706477418,-0.5000213305926777,-0.3947090703468431,0.500964134917,-0.003080691346816583,0.0001760230520048413,-0.001279443402521799,-0.0004801487413810261,-0.004857960084863606,0.0001642430284900377
13.8678879737854,-0.2570728571262995,0.1497822254162455,0.7709264706477418,-0.5000213305926777,-0.3947090703468431,0.500964134917,-0.003080691346828866,0.00017602305201002455,-0.0012794434025288216,-0.00048014874138014565,-0.004857960084887833,0.00016424302846330502
13.967938899993896,-0.2570728571262995,0.1497822254162455,0.7709264706477418,-0.5000213305926777,-0.3947090703468431,0.500964134917,-0.0030806913468314676,0.00017602305201150527,-0.001279443402529637,-0.000480148741381757,-0.00485796008489155,0.000164243028462941
14.06834888458252,-0.2570728571262995,0.1497822254162455,0.7709264706477418,-0.5000213305926777,-0.3947090703468431,0.500964134917,-0.003080691346831285,0.0001760230520086331,-0.0012794434025293283,-0.0004801487413811798,-0.004857960084889998,0.00016424302847273606
14.17184591293335,-0.2570728571263001,0.14978222541624556,0.7709264706477416,-0.5000213305926777,-0.3947090703468431,0.500964134917,-0.0030806913468498925,0.0001760230520097828,-0.0012794434025368022,-0.0004801487413849447,-0.0048579600849183256,0.00016424302847732933
14.272304058074951,-0.2570728571263007,0.14978222541624558,0.7709264706477413,-0.5000213305926777,-0.3947090703468431,0.500964134917,-0.0030806913468344943,0.00017602305200509772,-0.001279443402528441,-0.00048014874138593025,-0.004857960084889655,0.00016424302850321016
14.372817039489746,-0.2570728571262995,0.1497822254162455,0.7709264706477418,-0.5000213305926777,-0.3947090703468431,0.500964134917,-0.0030806913468252903,0.00017602305200944385,-0.0012794434025272022,-0.000480148741379653,-0.004857960084881012,0.00016424302846689438
14.471904039382935,-0.25707285712630024,0.14978222541624556,0.7709264706477416,-0.5000213305926777,-0.3947090703468431,0.500964134917,-0.0030806913468339942,0.00017602305201157385,-0.0012794434025305992,-0.0004801487413825208,-0.00485796008489584,0.00016424302846375404
14.5728600025177,-0.2570728571262995,0.1497822254162455,0.7709264706477418,-0.5000213305926777,-0.3947090703468431,0.500964134917,-0.003080691346833044,0.00017602305201270342,-0.0012794434025313489,-0.0004801487413796117,-0.004857960084896206,0.0001642430284509321
14.672661066055298,-0.2570728571263012,0.1497822254162456,0.7709264706477411,-0.5000213305926777,-0.3947090703468431,0.500964134917,-0.003080691346844409,0.00017602305200700702,-0.0012794434025335591,-0.0004801487413854511,-0.004857960084907345,0.00016424302849217797
14.772516965866089,-0.2570728571262995,0.1497822254162455,0.7709264706477418,-0.5000213305926777,-0.3947090703468431,0.500964134917,-0.003080691346853241,0.00017602305201268374,-0.001279443402539223,-0.00048014874138365646,-0.004857960084927052,0.00016424302845986278
14.873409032821655,-0.25707285712629957,0.14978222541624553,0.7709264706477418,-0.5000213305926777,-0.3947090703468431,0.500964134917,-0.003080691346858143,0.000176023052008955,-0.001279443402539609,-0.00048014874138705387,-0.0048579600849295084,0.0001642430284880205
14.980356931686401,-0.25707285712629896,0.14978222541624572,0.770926470647742,-0.5000213305926777,-0.3947090703468431,0.500964134917,-0.0030806913468098026,0.00017602305200400077,-0.0012794434025189757,-0.0004801487413798516,-0.004857960084852228,0.00016424302849132037
15.074075937271118,-0.25707285712629796,0.14978222541624542,0.7709264706477426,-0.5000213305926777,-0.3947090703468431,0.500964134917,-0.0030806913468348364,0.00017602305201087665,-0.0012794434025303076,-0.0004801487413838906,-0.004857960084895815,0.00016424302846958184
15.174066066741943,-0.2570728571262995,0.1497822254162455,0.7709264706477418,-0.5000213305926777,-0.3947090703468431,0.500964134917,-0.003080691346825137,0.00017602305200798432,-0.0012794434025273748,-0.0004801487413783284,-0.004857960084880865,0.00016424302846924173
15.275477886199951,-0.2570728571263001,0.14978222541624556,0.7709264706477416,-0.5000213305926777,-0.3947090703468431,0.500964134917,-0.0030806913468321637,0.00017602305201147058,-0.0012794434025307064,-0.0004801487413799544,-0.0048579600848942875,0.00016424302845656296
15.375396013259888,-0.2570728571262995,0.1497822254162455,0.7709264706477418,-0.5000213305926777,-0.3947090703468431,0.500964134917,-0.003080691346825114,0.00017602305201333733,-0.0012794434025286154,-0.00048014874137757506,-0.004857960084885767,0.00016424302844010374
15.474792003631592,-0.25707285712629957,0.14978222541624553,0.7709264706477418,-0.5000213305926777,-0.3947090703468431,0.500964134917,-0.003080691346822152,0.00017602305201282924,-0.0012794434025274123,-0.00048014874137681363,-0.0048579600848806725,0.00016424302844207563
15.575509071350098,-0.2570728571262995,0.1497822254162455,0.7709264706477418,-0.5000213305926777,-0.3947090703468431,0.500964134917,-0.003080691346815378,0.00017602305200517353,-0.0012794434025220887,-0.0004801487413792379,-0.004857960084862942,0.00016424302848428248
15.676529884338379,-0.25707285712629946,0.1497822254162455,0.7709264706477421,-0.5000213305926777,-0.3947090703468431,0.500964134917,-0.0030806913468259915,0.00017602305200636225,-0.0012794434025264099,-0.00048014874138129404,-0.004857960084878688,0.00016424302848673587
15.77606987953186,-0.25707285712629896,0.14978222541624547,0.770926470647742,-0.5000213305926777,-0.3947090703468431,0.500964134917,-0.0030806913468157567,0.00017602305200316713,-0.0012794434025219241,-0.0004801487413790231,-0.004857960084861094,0.00016424302849396154
15.875483989715576,-0.2570728571262995,0.1497822254162455,0.7709264706477418,-0.5000213305926777,-0.3947090703468431,0.500964134917,-0.0030806913468268415,0.000176023052009844,-0.0012794434025278354,-0.0004801487413799994,-0.004857960084884065,0.00016424302846448615
15.979723930358887,-0.2570728571262995,0.1497822254162455,0.7709264706477418,-0.5000213305926777,-0.3947090703468431,0.500964134917,-0.0030806913468459513,0.00017602305201379654,-0.0012794434025358912,-0.0004801487413843287,-0.0048579600849155075,0.00016424302845871017
16.077167987823486,-0.25707285712629957,0.14978222541624553,0.7709264706477418,-0.5000213305926777,-0.3947090703468431,0.500964134917,-0.003080691346825558,0.00017602305200795922,-0.001279443402526366,-0.0004801487413812782,-0.004857960084878652,0.00016424302848014127
16.178328037261963,-0.2570728571263001,0.14978222541624556,0.7709264706477416,-0.5000213305926777,-0.3947090703468431,0.500964134917,-0.003080691346826862,0.0001760230520026141,-0.0012794434025257388,-0.00048014874138237076,-0.004857960084876459,0.00016424302850713096
16.27803087234497,-0.25707285712629796,0.14978222541624542,0.7709264706477426,-0.5000213305926777,-0.3947090703468431,0.500964134917,-0.0030806913468229805,0.00017602305200624068,-0.00127944340252518,-0.0004801487413804077,-0.004857960084874413,0.00016424302848296447
16.380795001983643,-0.2570728571262995,0.1497822254162455,0.7709264706477418,-0.5000213305926777,-0.3947090703468431,0.500964134917,-0.0030806913468174662,0.00017602305200569189,-0.0012794434025227021,-0.0004801487413801527,-0.004857960084865824,0.00016424302848522466
16.479176998138428,-0.2570728571263,0.14978222541624578,0.7709264706477416,-0.5000213305926777,-0.3947090703468431,0.500964134917,-0.003080691346824063,0.0001760230520040067,-0.0012794434025251104,-0.00048014874138118096,-0.004857960084873878,0.00016424302849616832
16.586272954940796,-0.25707285712630046,0.1497822254162458,0.7709264706477413,-0.5000213305926777,-0.3947090703468431,0.500964134917,-0.0030806913468225945,0.00017602305200864926,-0.001279443402526316,-0.00048014874137837374,-0.004857960084877927,0.0001642430284641226
16.68595290184021,-0.2570728571262994,0.14978222541624572,0.7709264706477418,-0.5000213305926777,-0.3947090703468431,0.500964134917,-0.0030806913468296943,0.0001760230520090047,-0.0012794434025287392,-0.00048014874138074955,-0.004857960084887361,0.00016424302847228367
16.78733491897583,-0.2570728571263001,0.14978222541624556,0.7709264706477416,-0.5000213305926777,-0.3947090703468431,0.500964134917,-0.0030806913468166474,0.00017602305200916892,-0.0012794434025235083,-0.0004801487413785793,-0.004857960084867114,0.0001642430284655884
16.889580965042114,-0.25707285712629835,0.14978222541624545,0.7709264706477423,-0.5000213305926777,-0.3947090703468431,0.500964134917,-0.003080691346817123,0.00017602305200521343,-0.001279443402523361,-0.0004801487413779588,-0.004857960084865853,0.000164243028480291
16.989388942718506,-0.2570728571262995,0.1497822254162455,0.7709264706477418,-0.5000213305926777,-0.3947090703468431,0.500964134917,-0.0030806913468299033,0.00017602305201110284,-0.0012794434025296948,-0.0004801487413793984,-0.00485796008489015,0.00016424302845696487
17.091098070144653,-0.2570728571262995,0.1497822254162455,0.7709264706477418,-0.5000213305926777,-0.3947090703468431,0.500964134917,-0.0030806913468238587,0.00017602305201072735,-0.0012794434025272792,-0.0004801487413782793,-0.004857960084881601,0.0001642430284548168
17.191166877746582,-0.25707285712629985,0.1497822254162455,0.7709264706477419,-0.5000213305926777,-0.3947090703468431,0.500964134917,-0.0030806913468390995,0.00017602305201163264,-0.0012794434025327726,-0.0004801487413830102,-0.004857960084903916,0.00016424302846350142
17.29102396965027,-0.25707285712629957,0.14978222541624553,0.7709264706477418,-0.5000213305926777,-0.3947090703468431,0.500964134917,-0.003080691346843204,0.00017602305200641803,-0.0012794434025341726,-0.0004801487413818315,-0.004857960084906739,0.00016424302848406402
17.392627954483032,-0.25707285712629957,0.14978222541624553,0.7709264706477418,-0.5000213305926777,-0.3947090703468431,0.500964134917,-0.003080691346838112,0.00017602305200515583,-0.001279443402531274,-0.0004801487413827503,-0.004857960084896319,0.00016424302849518994
17.490521907806396,-0.2570728571262995,0.1497822254162455,0.7709264706477418,-0.5000213305926777,-0.3947090703468431,0.500964134917,-0.003080691346833297,0.00017602305201364418,-0.0012794434025316741,-0.00048014874137963315,-0.004857960084897976,0.00016424302844497777
17.5904278755188,-0.25707285712629846,0.14978222541624545,0.7709264706477422,-0.5000213305926777,-0.3947090703468431,0.500964134917,-0.0030806913468242043,0.00017602305201242044,-0.001279443402528122,-0.00048014874137734955,-0.004857960084883268,0.00016424302844561528
17.69269299507141,-0.2570728571262995,0.1497822254162455,0.7709264706477418,-0.5000213305926777,-0.3947090703468431,0.500964134917,-0.0030806913468306484,0.00017602305201184614,-0.0012794434025298232,-0.00048014874138060265,-0.004857960084891795,0.00016424302845708083
17.793067932128906,-0.2570728571263001,0.14978222541624556,0.7709264706477416,-0.5000213305926777,-0.3947090703468431,0.500964134917,-0.0030806913468407107,0.0001760230520149253,-0.001279443402534852,-0.0004801487413810355,-0.004857960084909878,0.00016424302844225203
17.895817041397095,-0.25707285712629896,0.14978222541624547,0.770926470647742,-0.5000213305926777,-0.3947090703468431,0.500964134917,-0.003080691346835866,0.00017602305201801948,-0.0012794434025341951,-0.0004801487413780227,-0.0048579600849067185,0.00016424302841893654
17.99823498725891,-0.2570728571263007,0.14978222541624558,0.7709264706477413,-0.5000213305926777,-0.3947090703468431,0.500964134917,-0.0030806913468358027,0.00017602305201297206,-0.0012794434025316253,-0.0004801487413826238,-0.004857960084899294,0.00016424302845781088
18.097776889801025,-0.2570728571262993,0.14978222541624572,0.7709264706477418,-0.5000213305926777,-0.3947090703468431,0.500964134917,-0.00308069134682742,0.00017602305201148456,-0.0012794434025290356,-0.00048014874137838773,-0.004857960084887358,0.00016424302845216316
18.198745012283325,-0.2570728571262995,0.1497822254162455,0.7709264706477418,-0.5000213305926777,-0.3947090703468431,0.500964134917,-0.003080691346835097,0.0001760230520079969,-0.0012794434025310355,-0.00048014874138100293,-0.004857960084895288,0.0001642430284760393
18.302146911621094,-0.25707285712629885,0.14978222541624572,0.770926470647742,-0.5000213305926777,-0.3947090703468431,0.500964134917,-0.0030806913468192317,0.00017602305200801024,-0.001279443402524012,-0.00048014874138014067,-0.004857960084871048,0.00016424302847231013
18.40046501159668,-0.25707285712629957,0.14978222541624553,0.7709264706477418,-0.5000213305926777,-0.3947090703468431,0.500964134917,-0.0030806913468257,0.0001760230520058856,-0.0012794434025262525,-0.00048014874138113184,-0.004857960084878071,0.00016424302848647143
18.50057101249695,-0.25707285712629985,0.1497822254162455,0.7709264706477419,-0.5000213305926777,-0.3947090703468431,0.500964134917,-0.003080691346833378,0.00017602305201135213,-0.0012794434025309054,-0.00048014874138040277,-0.004857960084895284,0.0001642430284592296
18.60072088241577,-0.2570728571262995,0.1497822254162455,0.7709264706477418,-0.5000213305926777,-0.3947090703468431,0.500964134917,-0.0030806913468130128,0.00017602305200761052,-0.001279443402521487,-0.00048014874137891644,-0.004857960084860665,0.00016424302847258844
18.70181107521057,-0.25707285712629957,0.14978222541624553,0.7709264706477418,-0.5000213305926777,-0.3947090703468431,0.500964134917,-0.003080691346836337,0.00017602305201344933,-0.0012794434025331241,-0.0004801487413795316,-0.004857960084903077,0.0001642430284460411
18.802942037582397,-0.2570728571263001,0.14978222541624556,0.7709264706477416,-0.5000213305926777,-0.3947090703468431,0.500964134917,-0.0030806913468480667,0.00017602305201265588,-0.0012794434025375705,-0.00048014874138185186,-0.004857960084919478,0.00016424302845606986
18.90413784980774,-0.2570728571262995,0.1497822254162455,0.7709264706477418,-0.5000213305926777,-0.3947090703468431,0.500964134917,-0.0030806913468421513,0.00017602305200421607,-0.0012794434025324806,-0.00048014874138406483,-0.004857960084901913,0.00016424302850251405
19.003201007843018,-0.2570728571262995,0.1497822254162455,0.7709264706477418,-0.5000213305926777,-0.3947090703468431,0.500964134917,-0.0030806913468229193,0.00017602305201093766,-0.0012794434025269023,-0.0004801487413782888,-0.004857960084880583,0.00016424302845275454
19.103796005249023,-0.2570728571262995,0.1497822254162455,0.7709264706477418,-0.5000213305926777,-0.3947090703468431,0.500964134917,-0.0030806913468259833,0.00017602305200822849,-0.0012794434025271257,-0.0004801487413801251,-0.004857960084881181,0.0001642430284738595
19.206685066223145,-0.25707285712629846,0.14978222541624545,0.7709264706477422,-0.5000213305926777,-0.3947090703468431,0.500964134917,-0.003080691346828781,0.00017602305201231566,-0.001279443402528926,-0.0004801487413806283,-0.004857960084888383,0.00016424302845634324
19.30672001838684,-0.2570728571262995,0.1497822254162455,0.7709264706477418,-0.5000213305926777,-0.3947090703468431,0.500964134917,-0.0030806913468386845,0.00017602305201501537,-0.0012794434025340752,-0.00048014874138069453,-0.004857960084906816,0.0001642430284413864
19.406754970550537,-0.257072857126298,0.14978222541624542,0.7709264706477426,-0.5000213305926777,-0.3947090703468431,0.500964134917,-0.003080691346815938,0.000176023052010163,-0.0012794434025239461,-0.00048014874137697127,-0.004857960084868817,0.00016424302845332927
19.50639295578003,-0.2570728571262995,0.1497822254162455,0.7709264706477418,-0.5000213305926777,-0.3947090703468431,0.500964134917,-0.003080691346829407,0.0001760230520112663,-0.0012794434025294758,-0.00048014874137957276,-0.0048579600848894155,0.0001642430284569928
19.608386993408203,-0.25707285712629957,0.14978222541624553,0.7709264706477418,-0.5000213305926777,-0.3947090703468431,0.500964134917,-0.0030806913468288755,0.0001760230520071991,-0.0012794434025281698,-0.0004801487413803953,-0.004857960084884491,0.00016424302847858245
19.728851079940796,-0.2570728571262986,0.14978222541624545,0.7709264706477419,-0.5000213305926777,-0.3947090703468431,0.500964134917,-0.0030806913468342727,0.00017602305201019395,-0.0012794434025312463,-0.00048014874138040906,-0.004857960084895849,0.00016424302846452165
19.826998949050903,-0.2570728571262995,0.1497822254162455,0.7709264706477418,-0.5000213305926777,-0.3947090703468431,0.500964134917,-0.0030806913468378215,0.00017602305200908048,-0.001279443402532567,-0.0004801487413806695,-0.004857960084900267,0.0001642430284710059
19.928322076797485,-0.25707285712629896,0.14978222541624547,0.770926470647742,-0.5000213305926777,-0.3947090703468431,0.500964134917,-0.0030806913468319937,0.00017602305201022664,-0.0012794434025302879,-0.00048014874137989623,-0.0048579600848922665,0.00016424302846328387
20.02952289581299,-0.25707285712629846,0.14978222541624545,0.7709264706477422,-0.5000213305926777,-0.3947090703468431,0.500964134917,-0.003080691346837772,0.00017602305200782196,-0.0012794434025312496,-0.00048014874138351975,-0.00485796008489846,0.00016424302848210665
20.13021993637085,-0.2570728571262995,0.1497822254162455,0.7709264706477418,-0.5000213305926777,-0.3947090703468431,0.500964134917,-0.003080691346806393,0.00017602305200383654,-0.0012794434025181728,-0.00048014874137742837,-0.004857960084848395,0.00016424302848508956
20.230474948883057,-0.2570728571262995,0.1497822254162455,0.7709264706477418,-0.5000213305926777,-0.3947090703468431,0.500964134917,-0.003080691346815454,0.000176023052007894,-0.0012794434025231631,-0.00048014874137757474,-0.004857960084866145,0.0001642430284666364
20.332069873809814,-0.25707285712629846,0.14978222541624545,0.7709264706477422,-0.5000213305926777,-0.3947090703468431,0.500964134917,-0.003080691346818057,0.00017602305200677286,-0.00127944340252355,-0.0004801487413794161,-0.004857960084867512,0.00016424302847994497
20.436187982559204,-0.2570728571263001,0.14978222541624556,0.7709264706477416,-0.5000213305926777,-0.3947090703468431,0.500964134917,-0.0030806913468287545,0.00017602305200670122,-0.001279443402527437,-0.00048014874138223274,-0.004857960084883459,0.00016424302848558125
20.535325050354004,-0.25707285712629896,0.14978222541624547,0.770926470647742,-0.5000213305926777,-0.3947090703468431,0.500964134917,-0.0030806913468363036,0.00017602305200444736,-0.0012794434025308358,-0.0004801487413815119,-0.004857960084893983,0.00016424302849299817
20.635886907577515,-0.2570728571262995,0.1497822254162455,0.7709264706477418,-0.5000213305926777,-0.3947090703468431,0.500964134917,-0.003080691346837546,0.00017602305200976266,-0.0012794434025321427,-0.00048014874138172176,-0.004857960084899525,0.0001642430284710531
20.73749589920044,-0.2570728571262985,0.14978222541624545,0.7709264706477422,-0.5000213305926777,-0.3947090703468431,0.500964134917,-0.0030806913468345576,0.00017602305201164573,-0.0012794434025315768,-0.00048014874138062937,-0.004857960084897129,0.00016424302845976656
20.836652040481567,-0.2570728571262995,0.1497822254162455,0.7709264706477418,-0.5000213305926777,-0.3947090703468431,0.500964134917,-0.00308069134684457,0.00017602305201371883,-0.0012794434025358938,-0.0004801487413825479,-0.004857960084914555,0.00016424302845270558
20.936508893966675,-0.2570728571263012,0.1497822254162456,0.7709264706477411,-0.5000213305926777,-0.3947090703468431,0.500964134917,-0.0030806913468361375,0.00017602305200781877,-0.0012794434025311108,-0.0004801487413817766,-0.004857960084896527,0.00016424302847831363
21.040042877197266,-0.25707285712629957,0.14978222541624553,0.7709264706477418,-0.5000213305926777,-0.3947090703468431,0.500964134917,-0.003080691346838988,0.00017602305201001175,-0.0012794434025330244,-0.00048014874138140647,-0.0048579600849026384,0.00016424302846796286
21.140467882156372,-0.2570728571263001,0.14978222541624556,0.7709264706477416,-0.5000213305926777,-0.3947090703468431,0.500964134917,-0.003080691346814082,0.00017602305200616248,-0.0012794434025212337,-0.00048014874138022686,-0.004857960084861706,0.00016424302847966384
21.239255905151367,-0.2570728571262994,0.1497822254162455,0.7709264706477418,-0.5000213305926777,-0.3947090703468431,0.500964134917,-0.0030806913468454642,0.00017602305201406415,-0.001279443402537474,-0.00048014874137966557,-0.004857960084917281,0.00016424302844410228
21.34023904800415,-0.25707285712629896,0.14978222541624547,0.770926470647742,-0.5000213305926777,-0.3947090703468431,0.500964134917,-0.00308069134682729,0.00017602305200774146,-0.0012794434025282344,-0.00048014874137842513,-0.004857960084884245,0.00016424302846960157
21.439591884613037,-0.2570728571262995,0.1497822254162455,0.7709264706477418,-0.5000213305926777,-0.3947090703468431,0.500964134917,-0.003080691346852264,0.00017602305200619674,-0.0012794434025366205,-0.00048014874138639055,-0.004857960084918284,0.00016424302849856728
21.5405490398407,-0.25707285712629957,0.14978222541624553,0.7709264706477418,-0.5000213305926777,-0.3947090703468431,0.500964134917,-0.003080691346832331,0.0001760230520090519,-0.001279443402529477,-0.00048014874138203336,-0.004857960084891108,0.0001642430284737061
21.640599012374878,-0.2570728571262994,0.14978222541624572,0.7709264706477418,-0.5000213305926777,-0.3947090703468431,0.500964134917,-0.003080691346832869,0.0001760230520083665,-0.0012794434025290874,-0.00048014874138371534,-0.004857960084890654,0.00016424302848181148
21.740978002548218,-0.2570728571262995,0.1497822254162455,0.7709264706477418,-0.5000213305926777,-0.3947090703468431,0.500964134917,-0.003080691346817175,0.00017602305200603417,-0.0012794434025228218,-0.0004801487413796556,-0.004857960084865583,0.0001642430284812355
21.842392921447754,-0.25707285712629846,0.14978222541624545,0.7709264706477422,-0.5000213305926777,-0.3947090703468431,0.500964134917,-0.003080691346817742,0.0001760230520060466,-0.0012794434025229036,-0.00048014874138000314,-0.004857960084866498,0.0001642430284822539
21.94182801246643,-0.2570728571263005,0.14978222541624583,0.7709264706477413,-0.5000213305926777,-0.3947090703468431,0.500964134917,-0.003080691346825518,0.00017602305200856163,-0.0012794434025272066,-0.0004801487413796069,-0.004857960084880723,0.0001642430284714548
22.043416023254395,-0.2570728571262995,0.1497822254162455,0.7709264706477418,-0.5000213305926777,-0.3947090703468431,0.500964134917,-0.003080691346815645,0.00017602305200997083,-0.0012794434025235368,-0.0004801487413778745,-0.004857960084867455,0.0001642430284580816
22.14290189743042,-0.2570728571262995,0.1497822254162455,0.7709264706477418,-0.5000213305926777,-0.3947090703468431,0.500964134917,-0.0030806913468453107,0.00017602305201441933,-0.0012794434025367818,-0.0004801487413815509,-0.0048579600849165145,0.00016424302844742406
22.244091987609863,-0.2570728571263001,0.14978222541624556,0.7709264706477416,-0.5000213305926777,-0.3947090703468431,0.500964134917,-0.003080691346834926,0.0001760230520041677,-0.001279443402529477,-0.0004801487413834583,-0.004857960084890386,0.00016424302850052275
22.342607975006104,-0.25707285712630007,0.14978222541624578,0.7709264706477416,-0.5000213305926777,-0.3947090703468431,0.500964134917,-0.0030806913468172364,0.00017602305200887662,-0.0012794434025239663,-0.00048014874137784595,-0.004857960084869161,0.00016424302846197757
22.444030046463013,-0.25707285712629924,0.14978222541624572,0.7709264706477421,-0.5000213305926777,-0.3947090703468431,0.500964134917,-0.003080691346846144,0.0001760230520116101,-0.0012794434025361384,-0.0004801487413827338,-0.004857960084914766,0.0001642430284637169
22.544389963150024,-0.2570728571262995,0.1497822254162455,0.7709264706477418,-0.5000213305926777,-0.3947090703468431,0.500964134917,-0.003080691346840912,0.00017602305201497786,-0.0012794434025355152,-0.00048014874137939387,-0.004857960084910988,0.0001642430284385515
22.642828941345215,-0.2570728571262995,0.1497822254162455,0.7709264706477418,-0.5000213305926777,-0.3947090703468431,0.500964134917,-0.0030806913468268936,0.0001760230520060499,-0.0012794434025271669,-0.00048014874138025516,-0.004857960084881366,0.00016424302848329852
22.74302387237549,-0.25707285712629957,0.14978222541624553,0.7709264706477418,-0.5000213305926777,-0.3947090703468431,0.500964134917,-0.00308069134682354,0.00017602305200837702,-0.0012794434025260077,-0.0004801487413802204,-0.004857960084877595,0.0001642430284723908
22.846116065979004,-0.2570728571262995,0.1497822254162455,0.7709264706477418,-0.5000213305926777,-0.3947090703468431,0.500964134917,-0.003080691346812702,0.0001760230520111787,-0.0012794434025229016,-0.0004801487413763848,-0.004857960084864551,0.00016424302844921147
22.94649600982666,-0.2570728571262995,0.1497822254162455,0.7709264706477418,-0.5000213305926777,-0.3947090703468431,0.500964134917,-0.003080691346834607,0.00017602305200932337,-0.001279443402530792,-0.0004801487413815151,-0.004857960084894718,0.00016424302847286155
23.04568600654602,-0.25707285712629957,0.14978222541624553,0.7709264706477418,-0.5000213305926777,-0.3947090703468431,0.500964134917,-0.0030806913468333294,0.00017602305201099616,-0.0012794434025309455,-0.0004801487413803216,-0.004857960084895132,0.0001642430284609685
23.146668910980225,-0.2570728571262995,0.1497822254162455,0.7709264706477418,-0.5000213305926777,-0.3947090703468431,0.500964134917,-0.0030806913468324937,0.0001760230520116506,-0.00127944340253044,-0.00048014874138102966,-0.004857960084895281,0.0001642430284554865
23.247704029083252,-0.2570728571262995,0.1497822254162455,0.7709264706477418,-0.5000213305926777,-0.3947090703468431,0.500964134917,-0.003080691346834659,0.00017602305200940766,-0.001279443402530764,-0.00048014874138176263,-0.004857960084894967,0.00016424302847271069
23.346839904785156,-0.25707285712629957,0.14978222541624553,0.7709264706477418,-0.5000213305926777,-0.3947090703468431,0.500964134917,-0.0030806913468296435,0.00017602305201067217,-0.001279443402529052,-0.00048014874138076446,-0.004857960084888971,0.00016424302846223697
23.449063062667847,-0.25707285712629935,0.1497822254162455,0.7709264706477421,-0.5000213305926777,-0.3947090703468431,0.500964134917,-0.0030806913468218,0.00017602305200977285,-0.0012794434025265216,-0.00048014874137730775,-0.004857960084877265,0.00016424302845794678
23.548105001449585,-0.2570728571262995,0.1497822254162455,0.7709264706477418,-0.5000213305926777,-0.3947090703468431,0.500964134917,-0.003080691346827539,0.00017602305200796692,-0.0012794434025276869,-0.00048014874138044327,-0.004857960084883676,0.00016424302847373472
23.649977922439575,-0.25707285712629896,0.14978222541624572,0.770926470647742,-0.5000213305926777,-0.3947090703468431,0.500964134917,-0.0030806913468328693,0.00017602305201226679,-0.0012794434025309978,-0.0004801487413801724,-0.004857960084895662,0.0001642430284534462
23.747663974761963,-0.25707285712629885,0.14978222541624572,0.770926470647742,-0.5000213305926777,-0.3947090703468431,0.500964134917,-0.00308069134682759,0.0001760230520089234,-0.0012794434025276812,-0.00048014874138111867,-0.004857960084884062,0.00016424302847098952
23.848981857299805,-0.2570728571262995,0.1497822254162455,0.7709264706477418,-0.5000213305926777,-0.3947090703468431,0.500964134917,-0.0030806913468183557,0.00017602305200743073,-0.0012794434025237566,-0.00048014874137931353,-0.004857960084868639,0.00016424302847490527
23.951117992401123,-0.2570728571262995,0.1497822254162455,0.7709264706477418,-0.5000213305926777,-0.3947090703468431,0.500964134917,-0.003080691346840328,0.00017602305200697902,-0.0012794434025331903,-0.00048014874138102424,-0.004857960084903405,0.00016424302847955878
24.049490928649902,-0.2570728571262995,0.1497822254162455,0.7709264706477418,-0.5000213305926777,-0.3947090703468431,0.500964134917,-0.003080691346819761,0.0001760230520074485,-0.0012794434025245986,-0.00048014874137865797,-0.004857960084871183,0.00016424302847262037
24.14919400215149,-0.2570728571262994,0.14978222541624572,0.7709264706477418,-0.5000213305926777,-0.3947090703468431,0.500964134917,-0.003080691346825832,0.00017602305200270854,-0.0012794434025251466,-0.00048014874138263216,-0.004857960084875137,0.00016424302850583827
24.25189995765686,-0.2570728571262995,0.1497822254162455,0.7709264706477418,-0.5000213305926777,-0.3947090703468431,0.500964134917,-0.0030806913468299827,0.00017602305200599161,-0.0012794434025289907,-0.0004801487413791394,-0.004857960084885082,0.00016424302848290257
24.350483894348145,-0.2570728571262995,0.1497822254162455,0.7709264706477418,-0.5000213305926777,-0.3947090703468431,0.500964134917,-0.003080691346827546,0.0001760230520064074,-0.0012794434025262128,-0.000480148741383731,-0.004857960084880619,0.0001642430284920787
24.45092797279358,-0.2570728571262985,0.14978222541624545,0.7709264706477422,-0.5000213305926777,-0.3947090703468431,0.500964134917,-0.003080691346820552,0.00017602305200917432,-0.0012794434025254237,-0.00048014874137834913,-0.004857960084874161,0.00016424302846431766
24.55199694633484,-0.2570728571262995,0.1497822254162455,0.7709264706477418,-0.5000213305926777,-0.3947090703468431,0.500964134917,-0.003080691346829569,0.00017602305201165652,-0.0012794434025297013,-0.00048014874137926376,-0.004857960084890021,0.0001642430284536684
24.65058398246765,-0.25707285712629885,0.14978222541624547,0.7709264706477423,-0.5000213305926777,-0.3947090703468431,0.500964134917,-0.0030806913468387847,0.00017602305200992532,-0.0012794434025331827,-0.0004801487413806796,-0.004857960084902469,0.00016424302846649398
24.75145387649536,-0.2570728571262995,0.1497822254162455,0.7709264706477418,-0.5000213305926777,-0.3947090703468431,0.500964134917,-0.0030806913468127257,0.0001760230520064113,-0.0012794434025207302,-0.0004801487413801177,-0.0048579600848592495,0.00016424302848018713
24.852241039276123,-0.2570728571262995,0.1497822254162455,0.7709264706477418,-0.5000213305926777,-0.3947090703468431,0.500964134917,-0.00308069134681739,0.00017602305201051477,-0.001279443402524164,-0.0004801487413786461,-0.004857960084870449,0.00016424302845830305
24.95201802253723,-0.2570728571262995,0.1497822254162455,0.7709264706477418,-0.5000213305926777,-0.3947090703468431,0.500964134917,-0.003080691346822539,0.00017602305201386157,-0.001279443402528017,-0.0004801487413761927,-0.004857960084883317,0.00016424302843393935
25.051926851272583,-0.25707285712629774,0.14978222541624564,0.7709264706477426,-0.5000213305926777,-0.3947090703468431,0.500964134917,-0.00308069134681942,0.00017602305201394234,-0.0012794434025257882,-0.000480148741378118,-0.004857960084876597,0.00016424302843818405
25.15237593650818,-0.25707285712629924,0.14978222541624572,0.7709264706477421,-0.5000213305926777,-0.3947090703468431,0.500964134917,-0.0030806913468310586,0.00017602305201412703,-0.0012794434025312719,-0.0004801487413783009,-0.004857960084895316,0.00016424302843841824
25.258763074874878,-0.2570728571262995,0.1497822254162455,0.7709264706477418,-0.5000213305926777,-0.3947090703468431,0.500964134917,-0.0030806913468160134,0.00017602305201016324,-0.0012794434025240526,-0.00048014874137732467,-0.00485796008486915,0.00016424302845433032
25.365010976791382,-0.25707285712629835,0.1497822254162457,0.7709264706477422,-0.5000213305926777,-0.3947090703468431,0.500964134917,-0.0030806913468246397,0.0001760230520159378,-0.0012794434025291046,-0.0004801487413768089,-0.004857960084887246,0.00016424302842667216
25.46022891998291,-0.25707285712629957,0.14978222541624553,0.7709264706477418,-0.5000213305926777,-0.3947090703468431,0.500964134917,-0.0030806913468307494,0.00017602305200638155,-0.0012794434025285158,-0.0004801487413815192,-0.0048579600848871396,0.0001642430284832679
25.557307958602905,-0.2570728571262994,0.14978222541624572,0.7709264706477418,-0.5000213305926777,-0.3947090703468431,0.500964134917,-0.003080691346814128,0.00017602305201031186,-0.0012794434025229855,-0.0004801487413774777,-0.004857960084865702,0.00016424302845429963
25.659569025039673,-0.2570728571262995,0.1497822254162455,0.7709264706477418,-0.5000213305926777,-0.3947090703468431,0.500964134917,-0.0030806913468105954,0.00017602305201048097,-0.0012794434025216737,-0.0004801487413766644,-0.004857960084859858,0.00016424302845401237
25.761831998825073,-0.25707285712629846,0.14978222541624545,0.7709264706477422,-0.5000213305926777,-0.3947090703468431,0.500964134917,-0.0030806913468286743,0.00017602305201280637,-0.0012794434025289257,-0.0004801487413811853,-0.004857960084888876,0.00016424302845466533
25.858072996139526,-0.25707285712629835,0.1497822254162457,0.7709264706477422,-0.5000213305926777,-0.3947090703468431,0.500964134917,-0.003080691346837412,0.00017602305200862303,-0.0012794434025317374,-0.0004801487413823341,-0.004857960084899132,0.00016424302847661918
25.956827878952026,-0.25707285712629835,0.1497822254162457,0.7709264706477422,-0.5000213305926777,-0.3947090703468431,0.500964134917,-0.00308069134681848,0.0001760230520056687,-0.0012794434025232622,-0.0004801487413800186,-0.004857960084866617,0.00016424302848664138
26.058868885040283,-0.2570728571262985,0.14978222541624545,0.7709264706477422,-0.5000213305926777,-0.3947090703468431,0.500964134917,-0.003080691346850491,0.00017602305201227917,-0.001279443402538685,-0.00048014874138173645,-0.004857960084922722,0.00016424302845858153
26.158305883407593,-0.2570728571262995,0.1497822254162455,0.7709264706477418,-0.5000213305926777,-0.3947090703468431,0.500964134917,-0.003080691346813952,0.00017602305200887632,-0.001279443402522294,-0.00048014874137872096,-0.004857960084863631,0.00016424302846626565
26.25997304916382,-0.2570728571262995,0.1497822254162455,0.7709264706477418,-0.5000213305926777,-0.3947090703468431,0.500964134917,-0.0030806913468215537,0.00017602305200789458,-0.0012794434025257618,-0.0004801487413780228,-0.0048579600848747346,0.00016424302846847384
26.36079502105713,-0.2570728571263001,0.14978222541624556,0.7709264706477416,-0.5000213305926777,-0.3947090703468431,0.500964134917,-0.003080691346831257,0.00017602305200570647,-0.0012794434025287303,-0.00048014874138138246,-0.004857960084887208,0.00016424302848654272
26.459315061569214,-0.2570728571262987,0.14978222541624572,0.7709264706477423,-0.5000213305926777,-0.3947090703468431,0.500964134917,-0.003080691346826782,0.00017602305200966294,-0.0012794434025274624,-0.0004801487413810304,-0.004857960084883713,0.00016424302846693346
26.560277938842773,-0.2570728571262998,0.1497822254162455,0.7709264706477419,-0.5000213305926777,-0.3947090703468431,0.500964134917,-0.0030806913468324347,0.0001760230520143565,-0.0012794434025314976,-0.000480148741379448,-0.004857960084897014,0.00016424302844124443
26.660568952560425,-0.25707285712629896,0.14978222541624547,0.770926470647742,-0.5000213305926777,-0.3947090703468431,0.500964134917,-0.0030806913468335562,0.00017602305200649878,-0.0012794434025293086,-0.0004801487413832263,-0.004857960084890058,0.00016424302849117319
26.76014804840088,-0.2570728571262995,0.1497822254162455,0.7709264706477418,-0.5000213305926777,-0.3947090703468431,0.500964134917,-0.003080691346826898,0.00017602305200693853,-0.0012794434025271252,-0.0004801487413807862,-0.004857960084881181,0.00016424302848129795
26.861125946044922,-0.2570728571263001,0.14978222541624556,0.7709264706477416,-0.5000213305926777,-0.3947090703468431,0.500964134917,-0.003080691346845334,0.00017602305201379407,-0.0012794434025362744,-0.00048014874138237895,-0.004857960084915567,0.00016424302845234726
26.9619460105896,-0.2570728571262995,0.1497822254162455,0.7709264706477418,-0.5000213305926777,-0.3947090703468431,0.500964134917,-0.003080691346843582,0.00017602305200903424,-0.0012794434025340572,-0.00048014874138399,-0.0048579600849072745,0.0001642430284818923
27.060910940170288,-0.2570728571262995,0.1497822254162455,0.7709264706477418,-0.5000213305926777,-0.3947090703468431,0.500964134917,-0.003080691346805262,0.0001760230520018702,-0.0012794434025172618,-0.00048014874137786926,-0.00485796008484442,0.00016424302849585846
27.162360906600952,-0.25707285712630096,0.1497822254162456,0.7709264706477414,-0.5000213305926777,-0.3947090703468431,0.500964134917,-0.0030806913468421856,0.00017602305200884778,-0.0012794434025337077,-0.00048014874138263346,-0.004857960084906563,0.00016424302847541236
27.264473915100098,-0.25707285712629957,0.14978222541624553,0.7709264706477418,-0.5000213305926777,-0.3947090703468431,0.500964134917,-0.0030806913468437304,0.00017602305201037618,-0.0012794434025343135,-0.00048014874138416577,-0.004857960084909307,0.0001642430284730973
27.36255407333374,-0.25707285712629957,0.14978222541624553,0.7709264706477418,-0.5000213305926777,-0.3947090703468431,0.500964134917,-0.003080691346825652,0.00017602305200757056,-0.0012794434025270082,-0.0004801487413796472,-0.004857960084880529,0.0001642430284727444
27.46297001838684,-0.25707285712629924,0.14978222541624572,0.7709264706477421,-0.5000213305926777,-0.3947090703468431,0.500964134917,-0.003080691346814327,0.00017602305200910292,-0.00127944340252192,-0.00048014874138024513,-0.004857960084863989,0.00016424302846875037
27.56332802772522,-0.25707285712629846,0.14978222541624545,0.7709264706477422,-0.5000213305926777,-0.3947090703468431,0.500964134917,-0.003080691346814229,0.0001760230520132352,-0.0012794434025237057,-0.00048014874137684334,-0.004857960084868843,0.00016424302843918716
27.663737058639526,-0.25707285712629907,0.14978222541624547,0.770926470647742,-0.5000213305926777,-0.3947090703468431,0.500964134917,-0.0030806913468162133,0.00017602305200828378,-0.0012794434025226679,-0.00048014874137990686,-0.004857960084865539,0.00016424302847224334
27.763913869857788,-0.257072857126298,0.14978222541624542,0.7709264706477426,-0.5000213305926777,-0.3947090703468431,0.500964134917,-0.0030806913468363903,0.00017602305200891774,-0.00127944340253049,-0.00048014874138432536,-0.0048579600848965765,0.00016424302847914694
27.86715292930603,-0.2570728571263,0.14978222541624553,0.7709264706477416,-0.5000213305926777,-0.3947090703468431,0.500964134917,-0.0030806913468492073,0.00017602305201179624,-0.0012794434025370145,-0.0004801487413842422,-0.004857960084919824,0.00016424302846437979
27.979130029678345,-0.2570728571262995,0.1497822254162455,0.7709264706477418,-0.5000213305926777,-0.3947090703468431,0.500964134917,-0.0030806913468185166,0.00017602305201041809,-0.0012794434025247491,-0.00048014874137842573,-0.004857960084872275,0.00016424302845741655
28.089190006256104,-0.25707285712630057,0.14978222541624558,0.7709264706477413,-0.5000213305926777,-0.3947090703468431,0.500964134917,-0.00308069134683984,0.0001760230520043867,-0.0012794434025309705,-0.00048014874138555485,-0.004857960084897278,0.0001642430285060975
28.192800998687744,-0.25707285712629957,0.14978222541624553,0.7709264706477418,-0.5000213305926777,-0.3947090703468431,0.500964134917,-0.003080691346824606,0.0001760230520080592,-0.0012794434025260209,-0.0004801487413813574,-0.004857960084878304,0.0001642430284767155
28.293652057647705,-0.2570728571263001,0.14978222541624556,0.7709264706477416,-0.5000213305926777,-0.3947090703468431,0.500964134917,-0.0030806913468444763,0.00017602305201467081,-0.0012794434025368926,-0.0004801487413800352,-0.004857960084916003,0.00016424302844098547
28.39537000656128,-0.2570728571263001,0.14978222541624556,0.7709264706477416,-0.5000213305926777,-0.3947090703468431,0.500964134917,-0.0030806913468359107,0.00017602305201002203,-0.0012794434025311617,-0.0004801487413829247,-0.004857960084898226,0.00016424302846882214
28.496886014938354,-0.2570728571263001,0.14978222541624556,0.7709264706477416,-0.5000213305926777,-0.3947090703468431,0.500964134917,-0.003080691346836942,0.00017602305200880696,-0.0012794434025311173,-0.0004801487413833512,-0.00485796008489768,0.00016424302847736907
28.598263025283813,-0.25707285712629846,0.14978222541624545,0.7709264706477422,-0.5000213305926777,-0.3947090703468431,0.500964134917,-0.003080691346828895,0.0001760230520077169,-0.0012794434025277578,-0.00048014874138204756,-0.004857960084884725,0.00016424302847958138
28.697530031204224,-0.25707285712629957,0.14978222541624553,0.7709264706477418,-0.5000213305926777,-0.3947090703468431,0.500964134917,-0.0030806913468289588,0.00017602305200450254,-0.0012794434025270533,-0.00048014874138225985,-0.004857960084881605,0.00016424302849611205
28.801125049591064,-0.2570728571262995,0.1497822254162455,0.7709264706477418,-0.5000213305926777,-0.3947090703468431,0.500964134917,-0.0030806913468310352,0.00017602305201062907,-0.0012794434025296538,-0.000480148741380843,-0.004857960084891159,0.00016424302846287757
28.901574850082397,-0.2570728571262995,0.1497822254162455,0.7709264706477418,-0.5000213305926777,-0.3947090703468431,0.500964134917,-0.003080691346835078,0.00017602305200598364,-0.0012794434025296595,-0.0004801487413836443,-0.004857960084892008,0.00016424302849378286
29.0028178691864,-0.2570728571262995,0.1497822254162455,0.7709264706477418,-0.5000213305926777,-0.3947090703468431,0.500964134917,-0.0030806913468394027,0.00017602305200944997,-0.001279443402532758,-0.00048014874138226625,-0.004857960084902764,0.0001642430284722891
29.103652000427246,-0.2570728571262995,0.1497822254162455,0.7709264706477418,-0.5000213305926777,-0.3947090703468431,0.500964134917,-0.0030806913468308028,0.0001760230520081528,-0.001279443402528666,-0.0004801487413820207,-0.004857960084887723,0.0001642430284793466
29.20153307914734,-0.2570728571263001,0.14978222541624556,0.7709264706477416,-0.5000213305926777,-0.3947090703468431,0.500964134917,-0.00308069134681551,0.0001760230520051675,-0.0012794434025230647,-0.00048014874137676305,-0.004857960084864668,0.000164243028475131
29.303045988082886,-0.2570728571262995,0.1497822254162455,0.7709264706477418,-0.5000213305926777,-0.3947090703468431,0.500964134917,-0.0030806913468210792,0.0001760230520095993,-0.001279443402525212,-0.0004801487413798307,-0.004857960084875104,0.00016424302846543786
29.402840852737427,-0.2570728571262995,0.1497822254162455,0.7709264706477418,-0.5000213305926777,-0.3947090703468431,0.500964134917,-0.003080691346860882,0.00017602305200897165,-0.0012794434025408313,-0.00048014874138712596,-0.004857960084933606,0.0001642430284879091
29.505259037017822,-0.25707285712629946,0.1497822254162455,0.7709264706477421,-0.5000213305926777,-0.3947090703468431,0.500964134917,-0.0030806913468151747,0.00017602305200918188,-0.0012794434025231104,-0.00048014874137802685,-0.004857960084866459,0.00016424302846226987
29.6024649143219,-0.2570728571262986,0.14978222541624545,0.7709264706477419,-0.5000213305926777,-0.3947090703468431,0.500964134917,-0.003080691346822841,0.0001760230520108027,-0.001279443402527623,-0.0004801487413761523,-0.004857960084880354,0.000164243028449369
29.702518939971924,-0.2570728571262995,0.1497822254162455,0.7709264706477418,-0.5000213305926777,-0.3947090703468431,0.500964134917,-0.003080691346819691,0.0001760230520071531,-0.0012794434025240001,-0.0004801487413800554,-0.004857960084870823,0.0001642430284774352
29.803752899169922,-0.25707285712629996,0.14978222541624553,0.7709264706477419,-0.5000213305926777,-0.3947090703468431,0.500964134917,-0.0030806913468205428,0.00017602305200602877,-0.0012794434025244327,-0.0004801487413795122,-0.004857960084871678,0.00016424302848096298
29.903393983840942,-0.2570728571262995,0.1497822254162455,0.7709264706477418,-0.5000213305926777,-0.3947090703468431,0.500964134917,-0.0030806913467991237,0.00017602305200454564,-0.0012794434025155163,-0.0004801487413761163,-0.004857960084837422,0.00016424302847934926
30.003419876098633,-0.2570728571263001,0.14978222541624556,0.7709264706477416,-0.5000213305926777,-0.3947090703468431,0.500964134917,-0.0030806913468099275,0.00017602305200502082,-0.0012794434025191707,-0.0004801487413801534,-0.0048579600848535935,0.0001642430284875797
30.10349702835083,-0.2570728571262995,0.1497822254162455,0.7709264706477418,-0.5000213305926777,-0.3947090703468431,0.500964134917,-0.003080691346828424,0.00017602305200719565,-0.0012794434025277667,-0.00048014874138096087,-0.004857960084884469,0.00016424302847835857
30.205469846725464,-0.25707285712629957,0.14978222541624553,0.7709264706477418,-0.5000213305926777,-0.3947090703468431,0.500964134917,-0.0030806913468359987,0.0001760230520124105,-0.0012794434025329485,-0.00048014874137906823,-0.004857960084901117,0.0001642430284505794
