Time (s),Gripper X,Gripper Y,Gripper Z,Gripper Orientation X,Gripper Orientation Y,Gripper Orientation Z,Gripper Orientation W,Desired Position X,Desired Position Y,Desired Position Z,Desired Orientation W,Desired Orientation X,Desired Orientation Y,Desired Orientation Z
0.1575930118560791,-0.28999105674916625,0.1277538839152642,0.7000257934096769,0.5755992580196682,0.5830496419107135,-0.4140817894641266,-0.39657897179399565,-0.29,0.13,0.7,-0.395920479971,0.575160745424,0.583496818971,-0.414690912264
0.25719189643859863,-0.28999575922830034,0.12776810221880747,0.699999833424178,0.5756104708356442,0.5830498988961201,-0.4140539563681884,-0.39659137973163594,-0.29,0.13,0.7,-0.395920479971,0.575160745424,0.583496818971,-0.414690912264
0.35660886764526367,-0.289998923100123,0.12776689963618573,0.6999934592771123,0.5756219175751468,0.5830430639175053,-0.4140572729120445,-0.39658135152001217,-0.29,0.13,0.7,-0.395920479971,0.575160745424,0.583496818971,-0.414690912264
0.45711183547973633,-0.2900086949959635,0.1277533000065725,0.7000008185131344,0.5756056052706843,0.5830595362278351,-0.41406911211573244,-0.3965684490556956,-0.29,0.13,0.7,-0.395920479971,0.575160745424,0.583496818971,-0.414690912264
0.5570468902587891,-0.29000040393972504,0.12776388935780048,0.7000085094102257,0.575600510946603,0.5830470348932583,-0.41406424155248983,-0.3965993075734634,-0.29,0.13,0.7,-0.395920479971,0.575160745424,0.583496818971,-0.414690912264
0.6574699878692627,-0.2899836656450106,0.1277620329352888,0.7000278730416578,0.57560091404686,0.5830344154401871,-0.4140810366147743,-0.3965997393806165,-0.29,0.13,0.7,-0.395920479971,0.575160745424,0.583496818971,-0.414690912264
0.7569918632507324,-0.29001578143365137,0.1277423115289765,0.699999943929907,0.5755923681227383,0.5830720842096576,-0.4140759750006404,-0.396562047227837,-0.29,0.13,0.7,-0.395920479971,0.575160745424,0.583496818971,-0.414690912264
0.856475830078125,-0.28997996991351593,0.12775453657580332,0.700022756606737,0.5755887533435271,0.5830490143971094,-0.41408553208513765,-0.3965912328238889,-0.29,0.13,0.7,-0.395920479971,0.575160745424,0.583496818971,-0.414690912264
0.9573650360107422,-0.2900069823929633,0.12776007875528386,0.7000143465616224,0.5755992425707496,0.583049800675505,-0.41407006114738887,-0.3965910063852067,-0.29,0.13,0.7,-0.395920479971,0.575160745424,0.583496818971,-0.414690912264
1.0593140125274658,-0.2899998512240436,0.12777380009328046,0.6999902885218846,0.5756289262619556,0.5830455998354234,-0.41404389499954125,-0.39658141758870696,-0.29,0.13,0.7,-0.395920479971,0.575160745424,0.583496818971,-0.414690912264
1.1571478843688965,-0.29000184635990023,0.1277559351533723,0.7000014508885116,0.5756076121239351,0.5830536115006818,-0.41407164313277317,-0.39657160429652416,-0.29,0.13,0.7,-0.395920479971,0.575160745424,0.583496818971,-0.414690912264
1.256410837173462,-0.2899960713661958,0.1277737831398069,0.7000143444205867,0.5756164810164665,0.5830365643110743,-0.41405566473860345,-0.39660047649546737,-0.29,0.13,0.7,-0.395920479971,0.575160745424,0.583496818971,-0.414690912264
1.3564980030059814,-0.29000463552580313,0.12775476816049705,0.7000103673601209,0.5756106321147544,0.5830503336110312,-0.41407533411632524,-0.3965681862542327,-0.29,0.13,0.7,-0.395920479971,0.575160745424,0.583496818971,-0.414690912264
1.4564628601074219,-0.28999402179986244,0.12777140910946516,0.7000025822008322,0.5756231226812659,0.5830371300640594,-0.41405727157021927,-0.3965883274393729,-0.29,0.13,0.7,-0.395920479971,0.575160745424,0.583496818971,-0.414690912264
1.5573549270629883,-0.2900009980230557,0.12775683065901702,0.7000054005887251,0.5756005860270689,0.5830562912965574,-0.4140698820378976,-0.39657970111179486,-0.29,0.13,0.7,-0.395920479971,0.575160745424,0.583496818971,-0.414690912264
1.6571319103240967,-0.2899980532871247,0.12775045629098117,0.6999950430742768,0.5755969177674323,0.5830672808435154,-0.41406825326076585,-0.3965705686355952,-0.29,0.13,0.7,-0.395920479971,0.575160745424,0.583496818971,-0.414690912264
1.7567529678344727,-0.2900084093266236,0.12776456902558278,0.6999925042818417,0.5756174411342988,0.5830500723871017,-0.41405649182780657,-0.3965783606384079,-0.29,0.13,0.7,-0.395920479971,0.575160745424,0.583496818971,-0.414690912264
1.8573148250579834,-0.29000539013836846,0.12776613179874083,0.6999914065659196,0.5756161371701609,0.5830547782503046,-0.4140496388540305,-0.39658048962806725,-0.29,0.13,0.7,-0.395920479971,0.575160745424,0.583496818971,-0.414690912264
1.9571788311004639,-0.28998937501347255,0.12777320692759025,0.7000190660957841,0.575612133458988,0.5830325533583252,-0.41406318459039787,-0.39660483192482915,-0.29,0.13,0.7,-0.395920479971,0.575160745424,0.583496818971,-0.414690912264
2.0626049041748047,-0.28998500024011087,0.12776906352654918,0.7000189969347713,0.5756149056727955,0.5830316728644658,-0.4140712636775901,-0.396593667877596,-0.29,0.13,0.7,-0.395920479971,0.575160745424,0.583496818971,-0.414690912264
2.1570420265197754,-0.2899937024538274,0.12776807323224393,0.7000076192004957,0.5756131274407793,0.5830427685082518,-0.4140596349457433,-0.39659207798022905,-0.29,0.13,0.7,-0.395920479971,0.575160745424,0.583496818971,-0.414690912264
2.2583699226379395,-0.29001048009668595,0.1277447920601019,0.6999979569099292,0.5755952924851243,0.583063917299653,-0.41408018139592123,-0.39656541829472314,-0.29,0.13,0.7,-0.395920479971,0.575160745424,0.583496818971,-0.414690912264
2.3570499420166016,-0.2899912257123084,0.12775476478794698,0.700005721385499,0.575604210253607,0.5830512904838578,-0.4140763654310327,-0.3965750236649494,-0.29,0.13,0.7,-0.395920479971,0.575160745424,0.583496818971,-0.414690912264
2.4563589096069336,-0.2900093608028347,0.12776462449013337,0.6999892179981346,0.5756118073132939,0.5830590226522213,-0.4140475715508216,-0.3965826923583875,-0.29,0.13,0.7,-0.395920479971,0.575160745424,0.583496818971,-0.414690912264
2.556752920150757,-0.2899914765383452,0.1277664700518217,0.7000108853397942,0.575614491044689,0.5830391519690308,-0.41406631812238937,-0.3965884380149848,-0.29,0.13,0.7,-0.395920479971,0.575160745424,0.583496818971,-0.414690912264
2.6574628353118896,-0.29000295934506914,0.12776096655632035,0.6999970266863629,0.5756035107163564,0.5830660880898896,-0.4140489652297056,-0.39658289141460523,-0.29,0.13,0.7,-0.395920479971,0.575160745424,0.583496818971,-0.414690912264
2.756661891937256,-0.28999301338601163,0.12776141746805017,0.7000178021042922,0.5756002750381297,0.5830473989221366,-0.41407287803653237,-0.3965900977844798,-0.29,0.13,0.7,-0.395920479971,0.575160745424,0.583496818971,-0.414690912264
2.8563148975372314,-0.28999412488042875,0.1277525207190579,0.7000026369785438,0.5755984254577313,0.583064714400081,-0.41406757458249244,-0.3965728622983485,-0.29,0.13,0.7,-0.395920479971,0.575160745424,0.583496818971,-0.414690912264
2.957206964492798,-0.2899973328776868,0.12776386503515935,0.7000004663171694,0.5756161081428947,0.583043899864558,-0.4140640761864255,-0.39658145151915103,-0.29,0.13,0.7,-0.395920479971,0.575160745424,0.583496818971,-0.414690912264
3.0646660327911377,-0.2899938927298271,0.12775573330542725,0.7000015530005239,0.57561260842713,0.5830506798901292,-0.4140725823275139,-0.3965676818198853,-0.29,0.13,0.7,-0.395920479971,0.575160745424,0.583496818971,-0.414690912264
3.1568658351898193,-0.2899983660776211,0.12776891157691458,0.6999957312680962,0.5756142892056195,0.5830489640468487,-0.4140514937923957,-0.3965897831191465,-0.29,0.13,0.7,-0.395920479971,0.575160745424,0.583496818971,-0.414690912264
3.2572109699249268,-0.28999416041165016,0.12777313394750006,0.6999993606529378,0.5756235417585028,0.5830415468997184,-0.4140494994219973,-0.3965893402382043,-0.29,0.13,0.7,-0.395920479971,0.575160745424,0.583496818971,-0.414690912264
3.357658863067627,-0.28999773671508144,0.12776165837474843,0.7000001480223534,0.575608107273083,0.583058635707377,-0.4140557686260197,-0.39658007342284307,-0.29,0.13,0.7,-0.395920479971,0.575160745424,0.583496818971,-0.414690912264
3.457249879837036,-0.28999534375768987,0.1277594958750101,0.6999949455717208,0.5756100773408372,0.5830543846291837,-0.41406387509783316,-0.3965750001794432,-0.29,0.13,0.7,-0.395920479971,0.575160745424,0.583496818971,-0.414690912264
3.556795835494995,-0.2900001576501675,0.12776300263776963,0.6999935416118481,0.575617706863394,0.5830489871484215,-0.41405760067175207,-0.3965784127464324,-0.29,0.13,0.7,-0.395920479971,0.575160745424,0.583496818971,-0.414690912264
3.6568520069122314,-0.290065932083284,0.12768336946413178,0.700008028447932,0.5756060923689686,0.5830628832776519,-0.41406569712387864,-0.3965663866706229,-0.29,0.13,0.7,-0.395920479971,0.575160745424,0.583496818971,-0.414690912264
3.7573769092559814,-0.2902350264593505,0.1273073719612163,0.7001046619717992,0.5755180322569459,0.5830513323966546,-0.4141131862418969,-0.39666157781938344,-0.29,0.13,0.7,-0.395920479971,0.575160745424,0.583496818971,-0.414690912264
3.8572800159454346,-0.2907127558211147,0.12643198882540302,0.7000906508746825,0.5753126579808825,0.5832186927143689,-0.4142753991689901,-0.3965440652422986,-0.29,0.13,0.7,-0.395920479971,0.575160745424,0.583496818971,-0.414690912264
3.9565818309783936,-0.291477138683793,0.12508479460978633,0.700109206171943,0.5750149678831767,0.583403514470316,-0.41446977835661486,-0.3965008560432265,-0.29,0.13,0.7,-0.395920479971,0.575160745424,0.583496818971,-0.414690912264
4.0573649406433105,-0.29231824501824955,0.12346767375506884,0.7002463881077282,0.5746176988766988,0.5834895197912557,-0.41484475431866413,-0.39655807928436493,-0.29,0.13,0.7,-0.395920479971,0.575160745424,0.583496818971,-0.414690912264
4.156877040863037,-0.29351256806874526,0.12130619271153883,0.7004212582228838,0.5739481761046982,0.5836938718427869,-0.4154120442645193,-0.39663306543862414,-0.29,0.13,0.7,-0.395920479971,0.575160745424,0.583496818971,-0.414690912264
4.258206844329834,-0.29472216216665437,0.11917893719215264,0.7006475812881906,0.5732643433907127,0.5837393220698476,-0.4161320255265355,-0.39680037020828574,-0.29,0.13,0.7,-0.395920479971,0.575160745424,0.583496818971,-0.414690912264
4.356518030166626,-0.2961157262862251,0.11675592977041381,0.7010852431315416,0.5723040341736335,0.5836054940692808,-0.41722780619696676,-0.39723252321128183,-0.29,0.13,0.7,-0.395920479971,0.575160745424,0.583496818971,-0.414690912264
4.4566650390625,-0.2973892559501846,0.11443166517529083,0.7016081362243496,0.5712038298589501,0.5833776879337598,-0.41862721868981123,-0.39767814844112476,-0.29,0.13,0.7,-0.395920479971,0.575160745424,0.583496818971,-0.414690912264
4.5565879344940186,-0.2988448563083649,0.11210206858760922,0.7021133359206593,0.5699923852948501,0.5830652751253287,-0.42016562410375513,-0.39825169675773403,-0.29,0.13,0.7,-0.395920479971,0.575160745424,0.583496818971,-0.414690912264
4.656538009643555,-0.3001427664625729,0.11017211721727063,0.7026686452879485,0.568795820101008,0.5825362745424474,-0.42184475732203686,-0.3989609061020142,-0.29,0.13,0.7,-0.395920479971,0.575160745424,0.583496818971,-0.414690912264
4.757028818130493,-0.30139595850135814,0.1083234928620957,0.7033567937170544,0.5672921419735175,0.5818678853863037,-0.42397576749115073,-0.3998173810522241,-0.29,0.13,0.7,-0.395920479971,0.575160745424,0.583496818971,-0.414690912264
4.857424974441528,-0.30256021067397243,0.1068880922477398,0.703818883781532,0.5659950562248014,0.5812527054264103,-0.42587335341302207,-0.4005331142568737,-0.29,0.13,0.7,-0.395920479971,0.575160745424,0.583496818971,-0.414690912264
4.957082986831665,-0.3036368364910199,0.10579361771711579,0.7043823822307287,0.5644630303084395,0.5804054199975344,-0.4281035971339275,-0.40154494888305037,-0.29,0.13,0.7,-0.395920479971,0.575160745424,0.583496818971,-0.414690912264
5.059741973876953,-0.30453780311988277,0.10511397263284343,0.7047063088512902,0.5630805655757143,0.5796853184522306,-0.43010638282326696,-0.4023850241951794,-0.29,0.13,0.7,-0.395920479971,0.575160745424,0.583496818971,-0.414690912264
5.157625913619995,-0.30546696071582957,0.10479486375244489,0.7049536069810678,0.5615698436038951,0.5788909465818671,-0.432206769030318,-0.4033880160894965,-0.29,0.13,0.7,-0.395920479971,0.575160745424,0.583496818971,-0.414690912264
5.256969928741455,-0.3061655023603907,0.1049479669273435,0.7050226452765715,0.5602068835712973,0.5781750950647113,-0.43407511469674726,-0.404302611724501,-0.29,0.13,0.7,-0.395920479971,0.575160745424,0.583496818971,-0.414690912264
5.357045888900757,-0.306925403930276,0.10548199102355112,0.704950796458558,0.5587203175924459,0.5774334916417344,-0.43602408863332637,-0.40532106233368725,-0.29,0.13,0.7,-0.395920479971,0.575160745424,0.583496818971,-0.414690912264
5.457329988479614,-0.3075249909110135,0.10638294232092778,0.704611889800845,0.5573643921013909,0.5769168987034867,-0.43760853872192246,-0.40621495940629976,-0.29,0.13,0.7,-0.395920479971,0.575160745424,0.583496818971,-0.414690912264
5.5567498207092285,-0.30825136183701385,0.10771641370680263,0.7041843662899288,0.5559110208806658,0.5763064524374667,-0.4392500968257244,-0.4072998430897677,-0.29,0.13,0.7,-0.395920479971,0.575160745424,0.583496818971,-0.414690912264
5.6568639278411865,-0.3088890802078372,0.10927035347408733,0.7035462799438688,0.5545902880066708,0.5758912766033907,-0.4406262665859146,-0.4082001263784145,-0.29,0.13,0.7,-0.395920479971,0.575160745424,0.583496818971,-0.414690912264
5.757232904434204,-0.3097303624243012,0.111161559658616,0.7027537294090552,0.5530935241222606,0.5755568624865068,-0.441976375797812,-0.40924165825993053,-0.29,0.13,0.7,-0.395920479971,0.575160745424,0.583496818971,-0.414690912264
5.85710597038269,-0.31055747512670084,0.11317939742705035,0.7019883768446815,0.5518095189430019,0.5751195299840683,-0.4432962592294507,-0.41016119707740883,-0.29,0.13,0.7,-0.395920479971,0.575160745424,0.583496818971,-0.414690912264
5.957273960113525,-0.311563990312762,0.11553395339360446,0.7009794017281071,0.5503206215071725,0.5748673682229549,-0.44455226655052793,-0.41115447802639965,-0.29,0.13,0.7,-0.395920479971,0.575160745424,0.583496818971,-0.414690912264
6.057482957839966,-0.3127422646430359,0.11767457281639894,0.6999074702173956,0.5490309416224098,0.5747509768771646,-0.4454506189646138,-0.4120680596503417,-0.29,0.13,0.7,-0.395920479971,0.575160745424,0.583496818971,-0.414690912264
6.157119989395142,-0.31416834965593393,0.12004959207219873,0.6987440086644199,0.5475287093235579,0.5746340677354161,-0.44653687034495226,-0.41305305238778167,-0.29,0.13,0.7,-0.395920479971,0.575160745424,0.583496818971,-0.414690912264
6.256311893463135,-0.31570735708462444,0.12212003151306285,0.6977210097394495,0.5461963195699613,0.5745157731033987,-0.4475400204065697,-0.41389507979452966,-0.29,0.13,0.7,-0.395920479971,0.575160745424,0.583496818971,-0.414690912264
6.358783960342407,-0.3174706378706368,0.12443792452395935,0.6967324340280416,0.5447372693982142,0.5743331768064014,-0.44874717493566,-0.4147634052508835,-0.29,0.13,0.7,-0.395920479971,0.575160745424,0.583496818971,-0.414690912264
6.4566450119018555,-0.31936658053946815,0.12626382335919184,0.6957744444499996,0.543377423526046,0.5743219138919115,-0.4497010429795777,-0.41552892410614184,-0.29,0.13,0.7,-0.395920479971,0.575160745424,0.583496818971,-0.414690912264
6.556414842605591,-0.32158536931711534,0.1280764044075128,0.6948451927025336,0.5418626184109543,0.5743150624637751,-0.4507791896763332,-0.41634749182720365,-0.29,0.13,0.7,-0.395920479971,0.575160745424,0.583496818971,-0.414690912264
6.657084941864014,-0.3237951866875817,0.12951261932562386,0.6940636352086208,0.5405088874818865,0.5742695788471414,-0.4518355276567638,-0.41702427904254447,-0.29,0.13,0.7,-0.395920479971,0.575160745424,0.583496818971,-0.414690912264
6.756974935531616,-0.32636212600182746,0.13071199598959998,0.6933575741797107,0.5389953468361154,0.5742657222769671,-0.4530721269273688,-0.4176464343296124,-0.29,0.13,0.7,-0.395920479971,0.575160745424,0.583496818971,-0.414690912264
6.857128858566284,-0.32884391143475344,0.1315877027419663,0.6928412304851943,0.5376601110541239,0.5741796367962718,-0.4542135227626951,-0.4182456519908739,-0.29,0.13,0.7,-0.395920479971,0.575160745424,0.583496818971,-0.414690912264
6.9571099281311035,-0.331620099923993,0.13224045474634502,0.6923568837380683,0.5362266623472738,0.5741075910860558,-0.4554865752045915,-0.41879997642509625,-0.29,0.13,0.7,-0.395920479971,0.575160745424,0.583496818971,-0.414690912264
7.062448978424072,-0.3342667519508994,0.13250699795985868,0.6919956088468513,0.5347913979220293,0.5741790952421542,-0.4566143984560517,-0.41930873878100966,-0.29,0.13,0.7,-0.395920479971,0.575160745424,0.583496818971,-0.414690912264
7.157227039337158,-0.3371914151400382,0.13245789038622627,0.6917283627557868,0.5332935018515775,0.5742026356250981,-0.45797209060176886,-0.4197033933076042,-0.29,0.13,0.7,-0.395920479971,0.575160745424,0.583496818971,-0.414690912264
7.257156848907471,-0.3398965275651713,0.13217091282264273,0.6915752950623217,0.5319070829019324,0.5742264283004791,-0.4591867476849175,-0.4201028385414452,-0.29,0.13,0.7,-0.395920479971,0.575160745424,0.583496818971,-0.414690912264
7.357194900512695,-0.34279038219964575,0.13168986676666516,0.6915271269069094,0.5304738580437797,0.5741571313703201,-0.4606670510984702,-0.42038903703711483,-0.29,0.13,0.7,-0.395920479971,0.575160745424,0.583496818971,-0.414690912264
7.457233905792236,-0.34548386129079944,0.13090491631768691,0.6915293855965562,0.5290983055306262,0.574148845159685,-0.4621208575973962,-0.42053822615770287,-0.29,0.13,0.7,-0.395920479971,0.575160745424,0.583496818971,-0.414690912264
7.55705189704895,-0.3483111248149167,0.1299293523690601,0.6915625521769497,0.5276508051624661,0.5741413917683684,-0.4636486649728417,-0.42068539972119784,-0.29,0.13,0.7,-0.395920479971,0.575160745424,0.583496818971,-0.414690912264
7.657335996627808,-0.3508857122674261,0.12879538334943483,0.691577452957472,0.5262618820317987,0.5741933010375303,-0.46503373462267195,-0.42082551042785366,-0.29,0.13,0.7,-0.395920479971,0.575160745424,0.583496818971,-0.414690912264
7.757369041442871,-0.3535844348985061,0.12746455715721944,0.6916117853629298,0.5247824702773856,0.5742772039378462,-0.4666527041570736,-0.42076633138808145,-0.29,0.13,0.7,-0.395920479971,0.575160745424,0.583496818971,-0.414690912264
7.857311964035034,-0.35596418404537655,0.12627126555233065,0.6916737196231518,0.5234759975484801,0.574291494134586,-0.4680760015485191,-0.42079331806676695,-0.29,0.13,0.7,-0.395920479971,0.575160745424,0.583496818971,-0.414690912264
7.957202911376953,-0.3584767638785463,0.12478853349767204,0.6917051250658219,0.5219653248279581,0.5744531591664326,-0.46969733892410537,-0.4206425767900389,-0.29,0.13,0.7,-0.395920479971,0.575160745424,0.583496818971,-0.414690912264
8.065271854400635,-0.3606697558126567,0.12351630417499712,0.691663234060682,0.5206731623812006,0.5745448078897709,-0.4711866979481592,-0.4204531096086416,-0.29,0.13,0.7,-0.395920479971,0.575160745424,0.583496818971,-0.414690912264
8.157204866409302,-0.3629704523853562,0.12201663101008747,0.6915606590025667,0.5192355307436411,0.5747306217083731,-0.4728435679131571,-0.42011681276429785,-0.29,0.13,0.7,-0.395920479971,0.575160745424,0.583496818971,-0.414690912264
8.257109880447388,-0.36498120704613396,0.1206865696347631,0.691415574750065,0.5179218952484154,0.5749453800802018,-0.47427685016242294,-0.4198287624100242,-0.29,0.13,0.7,-0.395920479971,0.575160745424,0.583496818971,-0.414690912264
8.356644868850708,-0.3670612216716059,0.11940027060352565,0.691252403096793,0.51655366137278,0.5751542093527413,-0.4759639423085104,-0.4193188238182722,-0.29,0.13,0.7,-0.395920479971,0.575160745424,0.583496818971,-0.414690912264
8.457806825637817,-0.36885200810423346,0.11831257982881496,0.6910829284556983,0.5153870304149724,0.5753444684598026,-0.4774941591510521,-0.4187532441299688,-0.29,0.13,0.7,-0.395920479971,0.575160745424,0.583496818971,-0.414690912264
8.556870937347412,-0.37072845770406193,0.1171758403547508,0.6907773333002463,0.5140880439406168,0.5756709499603315,-0.4790887472042274,-0.4180794335426745,-0.29,0.13,0.7,-0.395920479971,0.575160745424,0.583496818971,-0.414690912264
8.656834840774536,-0.37237815855980394,0.11629794585614013,0.6904261134125519,0.5128759329725473,0.5760429309555356,-0.48045479213031594,-0.4174877384938511,-0.29,0.13,0.7,-0.395920479971,0.575160745424,0.583496818971,-0.414690912264
8.757077932357788,-0.37408611808495096,0.11528706952922524,0.6899478148992174,0.5115985566145369,0.5765611062076956,-0.4819122831179741,-0.41665904413381244,-0.29,0.13,0.7,-0.395920479971,0.575160745424,0.583496818971,-0.414690912264
8.857432842254639,-0.3755925638695643,0.11453763702380194,0.6895041096283921,0.510499368287153,0.577023932247647,-0.4832484356598655,-0.4158181405664899,-0.29,0.13,0.7,-0.395920479971,0.575160745424,0.583496818971,-0.414690912264
8.95740294456482,-0.3771403366237449,0.1138809380430874,0.6890568353890228,0.5093659639360838,0.5775597441122898,-0.4846293430376787,-0.4148559468433331,-0.29,0.13,0.7,-0.395920479971,0.575160745424,0.583496818971,-0.414690912264
9.059552907943726,-0.37851126045776906,0.11336224060226346,0.6886275821940254,0.5084227766213882,0.5780581653711088,-0.485925473847349,-0.41380124640534277,-0.29,0.13,0.7,-0.395920479971,0.575160745424,0.583496818971,-0.414690912264
9.157238006591797,-0.3799361098850038,0.11279040362702779,0.6881244106689951,0.5074129115220833,0.5787009195118686,-0.48720809741854804,-0.41263258812968107,-0.29,0.13,0.7,-0.395920479971,0.575160745424,0.583496818971,-0.414690912264
9.25620698928833,-0.3811828215055856,0.11231299093740026,0.6876300905010431,0.5065340824808865,0.5793564545727474,-0.488263651229567,-0.4115433497435164,-0.29,0.13,0.7,-0.395920479971,0.575160745424,0.583496818971,-0.414690912264
9.356993913650513,-0.382475984158432,0.11191272929200297,0.6871251284110569,0.5056440372448102,0.5801293793281577,-0.48931558072396175,-0.41029778612596424,-0.29,0.13,0.7,-0.395920479971,0.575160745424,0.583496818971,-0.414690912264
9.457520961761475,-0.38362901453150966,0.11159774810963109,0.6866615189859635,0.5048712741286845,0.5809013365915353,-0.4902204571325162,-0.4090752218292297,-0.29,0.13,0.7,-0.395920479971,0.575160745424,0.583496818971,-0.414690912264
9.557613849639893,-0.38484205870833144,0.11134877992368365,0.6862113352468943,0.5041524983622455,0.5817214623532079,-0.49118826233558754,-0.40763278766126965,-0.29,0.13,0.7,-0.395920479971,0.575160745424,0.583496818971,-0.414690912264
9.65716290473938,-0.38587521794877144,0.11098973102705004,0.6857866085471394,0.5035842264653175,0.5824866738318099,-0.49196607975598045,-0.4063023234405814,-0.29,0.13,0.7,-0.395920479971,0.575160745424,0.583496818971,-0.414690912264
9.757091045379639,-0.386949229771188,0.11061484765819911,0.6854437464665444,0.5030210140195026,0.5834012632883246,-0.4926616809787555,-0.40484230700800683,-0.29,0.13,0.7,-0.395920479971,0.575160745424,0.583496818971,-0.414690912264
9.856933832168579,-0.3879082217832651,0.11026812539496683,0.6851511658463628,0.502551152886016,0.5842842837213713,-0.49323219843104416,-0.40345534196490607,-0.29,0.13,0.7,-0.395920479971,0.575160745424,0.583496818971,-0.414690912264
9.95698595046997,-0.3889102413137321,0.10991783355775045,0.6848628089789857,0.5021548493610176,0.5852480262585332,-0.49375710018053404,-0.40190693082480544,-0.29,0.13,0.7,-0.395920479971,0.575160745424,0.583496818971,-0.414690912264
10.0575430393219,-0.3897655771704521,0.10946083832068913,0.6846102720772471,0.5018008852397189,0.5861735525264189,-0.49410815285050885,-0.4005665627306535,-0.29,0.13,0.7,-0.395920479971,0.575160745424,0.583496818971,-0.414690912264
10.157152891159058,-0.39065444766635604,0.10894180740080978,0.6844608488885151,0.5016012831058319,0.5871260179860691,-0.49450639986092587,-0.39892682572997173,-0.29,0.13,0.7,-0.395920479971,0.575160745424,0.583496818971,-0.414690912264
10.257176876068115,-0.39141168573481666,0.10854225744240739,0.684322692134779,0.5014443234998742,0.5880733013700244,-0.4946587591884122,-0.39753753860949315,-0.29,0.13,0.7,-0.395920479971,0.575160745424,0.583496818971,-0.414690912264
10.357148885726929,-0.392098831024284,0.10807604844124358,0.6842270799190391,0.5014907333199249,0.5890730440639491,-0.4946050758033005,-0.39606288912379584,-0.29,0.13,0.7,-0.395920479971,0.575160745424,0.583496818971,-0.414690912264
10.458422899246216,-0.39258966217511665,0.10769058132406947,0.6842267972252327,0.5017790472533272,0.5899101497473025,-0.4943823844321876,-0.3947275781166084,-0.29,0.13,0.7,-0.395920479971,0.575160745424,0.583496818971,-0.414690912264
10.556800842285156,-0.3929827339782025,0.1074520577679191,0.6843048995397318,0.5022687406342445,0.5908291389056649,-0.49381748255608254,-0.39343529928522397,-0.29,0.13,0.7,-0.395920479971,0.575160745424,0.583496818971,-0.414690912264
10.657299041748047,-0.39321208733191176,0.10735833888780782,0.6844900353359823,0.5030075460595083,0.5915568890045374,-0.49316524332982203,-0.39221409771947613,-0.29,0.13,0.7,-0.395920479971,0.575160745424,0.583496818971,-0.414690912264
10.75692105293274,-0.39331705322218025,0.10724947039322937,0.6846349579158182,0.5039791136171692,0.5923624942050251,-0.4921478546055963,-0.39102713167242426,-0.29,0.13,0.7,-0.395920479971,0.575160745424,0.583496818971,-0.414690912264
10.857159852981567,-0.39331059932371043,0.10722649128524794,0.6848491480420479,0.504993283570108,0.593078475909379,-0.49100629730253603,-0.3900673287668968,-0.29,0.13,0.7,-0.395920479971,0.575160745424,0.583496818971,-0.414690912264
10.956559896469116,-0.3932144045541782,0.10733052991774242,0.6851594796213595,0.5063422033246028,0.5937177490699885,-0.489675760876416,-0.38901729625012266,-0.29,0.13,0.7,-0.395920479971,0.575160745424,0.583496818971,-0.414690912264
11.067505836486816,-0.3930760222423748,0.10745152975651308,0.6854952800004439,0.5076700225985109,0.5942689926347513,-0.4883816126929426,-0.3880707576346685,-0.29,0.13,0.7,-0.395920479971,0.575160745424,0.583496818971,-0.414690912264
11.156921863555908,-0.3928659254440071,0.10744267045053635,0.6857155984246873,0.5090462544272718,0.5949995685101013,-0.4867296635783468,-0.3872230092844023,-0.29,0.13,0.7,-0.395920479971,0.575160745424,0.583496818971,-0.414690912264
11.256517887115479,-0.3926554777257631,0.1075027370818846,0.6860250062097268,0.510523993984479,0.5954729073382783,-0.48533796787859573,-0.38629564471750044,-0.29,0.13,0.7,-0.395920479971,0.575160745424,0.583496818971,-0.414690912264
11.357028007507324,-0.39240187611747934,0.10768449435148224,0.6862995686824916,0.5120667035576502,0.5960742797840572,-0.4836262785779117,-0.3854721348637271,-0.29,0.13,0.7,-0.395920479971,0.575160745424,0.583496818971,-0.414690912264
11.457460880279541,-0.3921431241944747,0.10781921808624127,0.6865903483485695,0.5136307434351824,0.5964674677529681,-0.4821203270815889,-0.3846687009951879,-0.29,0.13,0.7,-0.395920479971,0.575160745424,0.583496818971,-0.414690912264
11.55654501914978,-0.3918472349374196,0.10789168756112226,0.6867563666842141,0.5152055114368927,0.5970129220486592,-0.4802880272878868,-0.3840081545174288,-0.29,0.13,0.7,-0.395920479971,0.575160745424,0.583496818971,-0.414690912264
11.65678882598877,-0.39159505469199407,0.10795776916254923,0.6869614885255653,0.5166538893786988,0.5974494186646103,-0.4786838059267355,-0.38338592132559857,-0.29,0.13,0.7,-0.395920479971,0.575160745424,0.583496818971,-0.414690912264
11.756907939910889,-0.39131741254495633,0.1081608384641428,0.6871704758954184,0.5183309984877089,0.597823601592271,-0.4769748064918435,-0.38266820008729374,-0.29,0.13,0.7,-0.395920479971,0.575160745424,0.583496818971,-0.414690912264
11.857098817825317,-0.3910855445809259,0.10832835402564707,0.6873507149114102,0.5197849771004904,0.5981719102417183,-0.47538791514218637,-0.38212599167706696,-0.29,0.13,0.7,-0.395920479971,0.575160745424,0.583496818971,-0.414690912264
11.957216024398804,-0.390829792007771,0.10843464883445719,0.687466439017835,0.5213698245400444,0.5985313733062942,-0.4737048948393738,-0.3814936091632239,-0.29,0.13,0.7,-0.395920479971,0.575160745424,0.583496818971,-0.414690912264
12.059178829193115,-0.3905985212187729,0.10854134748165142,0.6875342194126967,0.5227481370261285,0.5989089238095857,-0.47204502457861786,-0.38107214669603906,-0.29,0.13,0.7,-0.395920479971,0.575160745424,0.583496818971,-0.414690912264
12.156589031219482,-0.39036656967927663,0.10874022157201631,0.687656817680941,0.5243390316380192,0.5991548718490753,-0.47041592350144873,-0.3805139660468479,-0.29,0.13,0.7,-0.395920479971,0.575160745424,0.583496818971,-0.414690912264
12.257097959518433,-0.3901582334502535,0.10889057400835028,0.6877709462093159,0.5257126311156475,0.5994177932835083,-0.46887683396036045,-0.3801040030779752,-0.29,0.13,0.7,-0.395920479971,0.575160745424,0.583496818971,-0.414690912264
12.357238054275513,-0.38993606274449566,0.10908079993216006,0.6878145331764205,0.5271515256090153,0.599739841023463,-0.4671416374466944,-0.379739493206672,-0.29,0.13,0.7,-0.395920479971,0.575160745424,0.583496818971,-0.414690912264
12.458545923233032,-0.3897352553258246,0.10925832604629193,0.6878697452721316,0.5285675654640896,0.5998955139419778,-0.4656870742572653,-0.3793115473609574,-0.29,0.13,0.7,-0.395920479971,0.575160745424,0.583496818971,-0.414690912264
12.5572509765625,-0.38952570294929123,0.10950953877944435,0.6879094105274182,0.5299830391108908,0.6001379585532178,-0.46401267850920996,-0.3790048062242334,-0.29,0.13,0.7,-0.395920479971,0.575160745424,0.583496818971,-0.414690912264
12.657405853271484,-0.38934385424209883,0.10972658830402852,0.6879972216636132,0.5312980603185811,0.6002899188436174,-0.46255790383907625,-0.37870116191059777,-0.29,0.13,0.7,-0.395920479971,0.575160745424,0.583496818971,-0.414690912264
12.757596015930176,-0.3891494872270672,0.10996162199745584,0.6880913060011181,0.5327692528479112,0.6003834573100483,-0.4610578626737669,-0.37831504685250084,-0.29,0.13,0.7,-0.395920479971,0.575160745424,0.583496818971,-0.414690912264
12.85685396194458,-0.3889661029237681,0.1101865386975486,0.6881453920361369,0.5339649410569177,0.6005751780695731,-0.45952976620788355,-0.37818420270776903,-0.29,0.13,0.7,-0.395920479971,0.575160745424,0.583496818971,-0.414690912264
12.957072973251343,-0.38876240417043084,0.11033464960102289,0.688203207187493,0.5352774465401134,0.6007522217292804,-0.4579232435849794,-0.37799619878702617,-0.29,0.13,0.7,-0.395920479971,0.575160745424,0.583496818971,-0.414690912264
13.061514854431152,-0.38858736667744287,0.11051755394249843,0.6883437243831185,0.5365422485530553,0.6007749551772255,-0.456582039961507,-0.3777892395688675,-0.29,0.13,0.7,-0.395920479971,0.575160745424,0.583496818971,-0.414690912264
13.156888961791992,-0.38840344767837676,0.11082604826388344,0.6884274495439041,0.5378478483908133,0.6008772977885525,-0.4550486053893835,-0.3776200891330823,-0.29,0.13,0.7,-0.395920479971,0.575160745424,0.583496818971,-0.414690912264
13.257122039794922,-0.3882321205723561,0.1110300431373625,0.6885512802029454,0.5390277185077673,0.6009366666908755,-0.453682486276156,-0.37748701031036336,-0.29,0.13,0.7,-0.395920479971,0.575160745424,0.583496818971,-0.414690912264
13.357172966003418,-0.38805603785138243,0.1111999034483129,0.6887044890395256,0.5403236613892628,0.6009762157629828,-0.4522930543805351,-0.37723854785696603,-0.29,0.13,0.7,-0.395920479971,0.575160745424,0.583496818971,-0.414690912264
13.457268953323364,-0.3878925747519301,0.11136421880867071,0.6888299183629574,0.5414288816792018,0.6010268072830651,-0.45093994701465495,-0.3771931961172608,-0.29,0.13,0.7,-0.395920479971,0.575160745424,0.583496818971,-0.414690912264
13.557049036026001,-0.3877015622582765,0.11153974951134288,0.6889618626375855,0.5425995066779239,0.6010844955795852,-0.44945269957451595,-0.37719421439344636,-0.29,0.13,0.7,-0.395920479971,0.575160745424,0.583496818971,-0.414690912264
13.65696382522583,-0.38754180558169604,0.11170533747439702,0.6891712066264576,0.5437442048605594,0.6010300725964495,-0.4482510138189152,-0.37706248835647826,-0.29,0.13,0.7,-0.395920479971,0.575160745424,0.583496818971,-0.414690912264
13.7567298412323,-0.38736349829113204,0.11192001554399492,0.6893324732787641,0.5449161727907135,0.6010026777847223,-0.4468984907282154,-0.37701974074517336,-0.29,0.13,0.7,-0.395920479971,0.575160745424,0.583496818971,-0.414690912264
13.856600999832153,-0.38720078289964055,0.11208674685126088,0.6895280252538974,0.5459740521589717,0.6009843573428,-0.4456133467771636,-0.37703962891509063,-0.29,0.13,0.7,-0.395920479971,0.575160745424,0.583496818971,-0.414690912264
13.957322835922241,-0.3870282403472811,0.11224354572733375,0.6897250286499111,0.5471233557253781,0.6009390125639548,-0.44432927258137006,-0.37696131674983746,-0.29,0.13,0.7,-0.395920479971,0.575160745424,0.583496818971,-0.414690912264
14.057909965515137,-0.38687417675613833,0.112375121524659,0.6899165767869394,0.54814042910674,0.6008668240964901,-0.44317255804972366,-0.37696049324901554,-0.29,0.13,0.7,-0.395920479971,0.575160745424,0.583496818971,-0.414690912264
14.157289028167725,-0.38670329512497587,0.11249659525735306,0.6900803249684769,0.5491669635130794,0.6008551095755956,-0.4418435774205583,-0.37704513864380534,-0.29,0.13,0.7,-0.395920479971,0.575160745424,0.583496818971,-0.414690912264
14.257141828536987,-0.3865500957889967,0.11264258089787207,0.6902847136859008,0.5501473169106493,0.600777518908814,-0.4406980920111579,-0.3770802224560555,-0.29,0.13,0.7,-0.395920479971,0.575160745424,0.583496818971,-0.414690912264
14.356478929519653,-0.38639302140376036,0.11281702858338366,0.6905228196727133,0.5512142379667803,0.6006487308004517,-0.4395475953726049,-0.37707012272609053,-0.29,0.13,0.7,-0.395920479971,0.575160745424,0.583496818971,-0.414690912264
14.456982851028442,-0.3862475695549159,0.11295736143935946,0.6907357600220166,0.5521715247564919,0.6005198891745519,-0.4385022058053818,-0.377091879331403,-0.29,0.13,0.7,-0.395920479971,0.575160745424,0.583496818971,-0.414690912264
14.557873964309692,-0.38610231766365544,0.11305914426271128,0.6909482675270643,0.5530659861937496,0.6004670593265503,-0.437340276004867,-0.3772145391726666,-0.29,0.13,0.7,-0.395920479971,0.575160745424,0.583496818971,-0.414690912264
14.657189846038818,-0.38595861093872796,0.11325538001289623,0.6911202879507083,0.553977485222474,0.6003431630434886,-0.43628567326899825,-0.37729543298818197,-0.29,0.13,0.7,-0.395920479971,0.575160745424,0.583496818971,-0.414690912264
14.75651502609253,-0.3858039467946446,0.11334461341283397,0.6913315918363242,0.5549450915096727,0.6002215815610938,-0.43517281083742354,-0.3773521208970161,-0.29,0.13,0.7,-0.395920479971,0.575160745424,0.583496818971,-0.414690912264
14.856909036636353,-0.38566967773273136,0.11343221909181181,0.69151531747025,0.5557608188374817,0.6001105702312133,-0.4341845333400961,-0.3774665637511528,-0.29,0.13,0.7,-0.395920479971,0.575160745424,0.583496818971,-0.414690912264
14.957016944885254,-0.38554842676888323,0.11356162813270967,0.691726846524209,0.556604407025646,0.5999915029989152,-0.4331749017345401,-0.3775728206796716,-0.29,0.13,0.7,-0.395920479971,0.575160745424,0.583496818971,-0.414690912264
15.057595014572144,-0.3854243408987654,0.11371688583646329,0.69189896316161,0.5573779954421099,0.5998802516793863,-0.4322287099027811,-0.37769272719737274,-0.29,0.13,0.7,-0.395920479971,0.575160745424,0.583496818971,-0.414690912264
15.156786918640137,-0.3852854562103046,0.11385939726049957,0.6920965762668012,0.5582420522373976,0.5997290852756441,-0.4312062215508835,-0.37782539602841453,-0.29,0.13,0.7,-0.395920479971,0.575160745424,0.583496818971,-0.414690912264
15.256244897842407,-0.38517664878908814,0.11400437161021107,0.6922842929075644,0.5590275357928004,0.599566375592184,-0.43037918680419857,-0.37786522868668165,-0.29,0.13,0.7,-0.395920479971,0.575160745424,0.583496818971,-0.414690912264
15.357410907745361,-0.38505706385377847,0.11415866652801462,0.692493397238233,0.5598576537715813,0.5993736944157029,-0.4294943537530809,-0.3779486500175329,-0.29,0.13,0.7,-0.395920479971,0.575160745424,0.583496818971,-0.414690912264
15.456703901290894,-0.3849503957226065,0.11429064777456491,0.6926575380777487,0.5605394959888319,0.599264045592996,-0.42863381034898,-0.37808879079102126,-0.29,0.13,0.7,-0.395920479971,0.575160745424,0.583496818971,-0.414690912264
15.556962013244629,-0.3848270374854631,0.11442128749252846,0.6928190732145779,0.5612579111727882,0.5991228822889105,-0.4276905942578645,-0.37831479570212656,-0.29,0.13,0.7,-0.395920479971,0.575160745424,0.583496818971,-0.414690912264
15.657323837280273,-0.38472829227716826,0.11455479252975444,0.6929813988052747,0.561933178819795,0.598973841688045,-0.42690877877339756,-0.37843141270400826,-0.29,0.13,0.7,-0.395920479971,0.575160745424,0.583496818971,-0.414690912264
15.757359981536865,-0.3846174992714728,0.11468197805079615,0.6931393570603436,0.5626419213788016,0.5988112294616925,-0.42606848013228343,-0.3785826594226326,-0.29,0.13,0.7,-0.395920479971,0.575160745424,0.583496818971,-0.414690912264
15.857457876205444,-0.3845232112715826,0.11477103811129095,0.6933165443897231,0.5632704955742519,0.5986546824623009,-0.42533739215464933,-0.3787176029927582,-0.29,0.13,0.7,-0.395920479971,0.575160745424,0.583496818971,-0.414690912264
15.957182884216309,-0.3844256440429294,0.11494752353189792,0.6934822685775727,0.56398942909771,0.5984497946772294,-0.42459108615688385,-0.3788088920193648,-0.29,0.13,0.7,-0.395920479971,0.575160745424,0.583496818971,-0.414690912264
16.059381008148193,-0.3843234412319637,0.1150413396923449,0.6936457588319727,0.5645676607948569,0.5983183842670171,-0.4238297604309574,-0.37900765375618317,-0.29,0.13,0.7,-0.395920479971,0.575160745424,0.583496818971,-0.414690912264
16.15707302093506,-0.3842412832754618,0.1152180503169555,0.6937767504978087,0.5651784819827623,0.598155577231713,-0.4231126239504373,-0.3791555042248928,-0.29,0.13,0.7,-0.395920479971,0.575160745424,0.583496818971,-0.414690912264
16.25651502609253,-0.38415532598768126,0.11536279195821454,0.693934927952096,0.5657678981206838,0.597976871557237,-0.42244449207064844,-0.379303305624793,-0.29,0.13,0.7,-0.395920479971,0.575160745424,0.583496818971,-0.414690912264
16.357239961624146,-0.3840604774257371,0.1154504184009496,0.6941001089216577,0.5663478096664499,0.5978095533598802,-0.4217252350648343,-0.37950194005720916,-0.29,0.13,0.7,-0.395920479971,0.575160745424,0.583496818971,-0.414690912264
16.457233905792236,-0.38398279535654467,0.11555734651091006,0.6942475759288241,0.5668865411332263,0.5976492322129098,-0.42111849338641405,-0.3796238391424899,-0.29,0.13,0.7,-0.395920479971,0.575160745424,0.583496818971,-0.414690912264
16.55831289291382,-0.38390124278556115,0.11567386180836466,0.6944033495950996,0.5674658426320117,0.5974610482289776,-0.4204860919996856,-0.3797555262664447,-0.29,0.13,0.7,-0.395920479971,0.575160745424,0.583496818971,-0.414690912264
16.657235860824585,-0.38382495781123305,0.11574608484779716,0.6945312360975414,0.56795717272876,0.5973282432369422,-0.41988075356240745,-0.3798996875035396,-0.29,0.13,0.7,-0.395920479971,0.575160745424,0.583496818971,-0.414690912264
16.756805896759033,-0.38374234081333974,0.11587471065282048,0.6946774154865281,0.5684904002073065,0.5971418664096111,-0.41925056468359906,-0.38009106838423073,-0.29,0.13,0.7,-0.395920479971,0.575160745424,0.583496818971,-0.414690912264
16.857045888900757,-0.383674145898898,0.11592950046243283,0.6948067158061767,0.5689230142698531,0.5970130048274915,-0.4186807516752924,-0.3802742485070034,-0.29,0.13,0.7,-0.395920479971,0.575160745424,0.583496818971,-0.414690912264
16.95726990699768,-0.38360187287913616,0.11603708401012681,0.6949315673955138,0.5694127275167798,0.5968456984826275,-0.4180996614266529,-0.38044320346091637,-0.29,0.13,0.7,-0.395920479971,0.575160745424,0.583496818971,-0.414690912264
17.058637857437134,-0.38353568145297046,0.11611752633934903,0.695080233614404,0.5698771609467626,0.596658701554488,-0.417610128155274,-0.38057876471593355,-0.29,0.13,0.7,-0.395920479971,0.575160745424,0.583496818971,-0.414690912264
17.156214952468872,-0.3834608684255464,0.11622433612794437,0.6952170925319688,0.5703514151510523,0.5964952662456793,-0.41704840537551596,-0.38074044722806594,-0.29,0.13,0.7,-0.395920479971,0.575160745424,0.583496818971,-0.414690912264
17.256394863128662,-0.3833941495959499,0.11627817343787188,0.6953403860990007,0.5707649099976362,0.5963473489028122,-0.4165507455566058,-0.3808972740099538,-0.29,0.13,0.7,-0.395920479971,0.575160745424,0.583496818971,-0.414690912264
17.357316970825195,-0.38333384236064794,0.1163568894239844,0.6955026944902651,0.5712178378873668,0.596151652607988,-0.41608393745346417,-0.38103483536977095,-0.29,0.13,0.7,-0.395920479971,0.575160745424,0.583496818971,-0.414690912264
17.456267833709717,-0.38327000906594016,0.11637735028399904,0.6956020538241042,0.5715753764632816,0.5960401303106725,-0.41558279486040206,-0.38122000563468794,-0.29,0.13,0.7,-0.395920479971,0.575160745424,0.583496818971,-0.414690912264
17.557103872299194,-0.38321496618332357,0.11650379512029051,0.6957156856688126,0.5720156571526255,0.5958539957781425,-0.4151331382387215,-0.38134050561609917,-0.29,0.13,0.7,-0.395920479971,0.575160745424,0.583496818971,-0.414690912264
17.656925916671753,-0.3831650273691573,0.1165919616853032,0.695851628969002,0.5723816320573396,0.5956947471856221,-0.4147244293685956,-0.3814848399920067,-0.29,0.13,0.7,-0.395920479971,0.575160745424,0.583496818971,-0.414690912264
17.757086038589478,-0.38310601741317796,0.11661933046199989,0.6959745032376286,0.5727427182994934,0.5955541987258118,-0.4142560051668876,-0.3816712422990953,-0.29,0.13,0.7,-0.395920479971,0.575160745424,0.583496818971,-0.414690912264
17.85720992088318,-0.3830468754058998,0.11668845620644969,0.6960896340147579,0.5730998197010548,0.5953982994435018,-0.4138392287296347,-0.3818305310512319,-0.29,0.13,0.7,-0.395920479971,0.575160745424,0.583496818971,-0.414690912264
17.957226037979126,-0.3830015275683539,0.11680735388544719,0.6961879327649092,0.5734796295733492,0.5952265530272308,-0.41344133125902854,-0.38195906932876683,-0.29,0.13,0.7,-0.395920479971,0.575160745424,0.583496818971,-0.414690912264
18.05779790878296,-0.38295860910981794,0.1168654697683231,0.6962970982042421,0.5737821077472622,0.5950960776478705,-0.4130763909155073,-0.38210292653347716,-0.29,0.13,0.7,-0.395920479971,0.575160745424,0.583496818971,-0.414690912264
18.156937837600708,-0.38290522564003854,0.11690101952931185,0.696395981001749,0.5740968171573291,0.594964306326078,-0.41265278218167833,-0.38229308139890955,-0.29,0.13,0.7,-0.395920479971,0.575160745424,0.583496818971,-0.414690912264
18.257280826568604,-0.3828572906323589,0.11693882704791392,0.6964790675934832,0.5744005141556427,0.5948511223650931,-0.4122712885954405,-0.38242460192641553,-0.29,0.13,0.7,-0.395920479971,0.575160745424,0.583496818971,-0.414690912264
18.357239961624146,-0.38282005283192755,0.11701284913007494,0.6966126514123733,0.5747351606279198,0.594677187318168,-0.41195425273677677,-0.38253396146412355,-0.29,0.13,0.7,-0.395920479971,0.575160745424,0.583496818971,-0.414690912264
18.45715093612671,-0.38278399067377755,0.11707260204700749,0.6967029321224176,0.5750035249035038,0.594537640698546,-0.41164000894782266,-0.38268582829076514,-0.29,0.13,0.7,-0.395920479971,0.575160745424,0.583496818971,-0.414690912264
18.558801889419556,-0.3827411841545385,0.11713764242859093,0.696801061766746,0.5753099328816208,0.5943925256739055,-0.41129866794631353,-0.3828177272493124,-0.29,0.13,0.7,-0.395920479971,0.575160745424,0.583496818971,-0.414690912264
18.6566219329834,-0.3826989312195047,0.11718462103117494,0.6968935600276847,0.5755793386299694,0.5942634663955326,-0.41097663089034087,-0.38295896165500176,-0.29,0.13,0.7,-0.395920479971,0.575160745424,0.583496818971,-0.414690912264
18.75725793838501,-0.382669167783679,0.11725293823216763,0.6969792417542118,0.575860119986843,0.5941281055583133,-0.4106805519346563,-0.38306448629059126,-0.29,0.13,0.7,-0.395920479971,0.575160745424,0.583496818971,-0.414690912264
18.856501817703247,-0.3826356400298977,0.11726803973076205,0.697053924279973,0.5760658711323836,0.5940234932293691,-0.41037458758888734,-0.38324522106520326,-0.29,0.13,0.7,-0.395920479971,0.575160745424,0.583496818971,-0.414690912264
18.95696187019348,-0.38259586299872017,0.11738163457611334,0.6971399924130509,0.5763755342395438,0.5938476208096962,-0.4100917139827826,-0.38335496985353856,-0.29,0.13,0.7,-0.395920479971,0.575160745424,0.583496818971,-0.414690912264
19.061616897583008,-0.38256115551837966,0.11740812502389834,0.6972257218277254,0.5765866656949777,0.5937494365021728,-0.4098018899829455,-0.3834994583601209,-0.29,0.13,0.7,-0.395920479971,0.575160745424,0.583496818971,-0.414690912264
19.157038927078247,-0.3825311907813046,0.1174531017247352,0.6973035281592426,0.5768111897255482,0.5936416127821587,-0.4095139958699276,-0.3836362524155403,-0.29,0.13,0.7,-0.395920479971,0.575160745424,0.583496818971,-0.414690912264
19.25740385055542,-0.3825037514960368,0.11750046768707252,0.6973810959972864,0.5770521887467601,0.5935021427037216,-0.40928452501123014,-0.3837344858818353,-0.29,0.13,0.7,-0.395920479971,0.575160745424,0.583496818971,-0.414690912264
19.356894969940186,-0.3824776367634455,0.11758233661113802,0.6974434139803166,0.5772834078499084,0.5933742433140898,-0.4090373917703081,-0.38384799924758145,-0.29,0.13,0.7,-0.395920479971,0.575160745424,0.583496818971,-0.414690912264
19.457152843475342,-0.38244720966887563,0.11761097755830187,0.6975127151886289,0.5774856503446785,0.5932758189126373,-0.4087877932090463,-0.3839618033903911,-0.29,0.13,0.7,-0.395920479971,0.575160745424,0.583496818971,-0.414690912264
19.55755090713501,-0.3824179692772174,0.11764365736586017,0.6975932659567801,0.5776989516042467,0.5931496710204031,-0.40854391456301437,-0.3840953774224192,-0.29,0.13,0.7,-0.395920479971,0.575160745424,0.583496818971,-0.414690912264
19.658347845077515,-0.3823983795272648,0.11768472236751547,0.6976771469862574,0.5778684373261251,0.5930416163616403,-0.40834001492346256,-0.38422407865429486,-0.29,0.13,0.7,-0.395920479971,0.575160745424,0.583496818971,-0.414690912264
19.757592916488647,-0.38236867679492725,0.11772440118113368,0.6977451606328715,0.5780680149367253,0.5929352365328042,-0.40810297947481944,-0.38433986721218066,-0.29,0.13,0.7,-0.395920479971,0.575160745424,0.583496818971,-0.414690912264
19.857717990875244,-0.3823457091635145,0.11778055085753568,0.6978003022145477,0.5782672261723116,0.5928109657593867,-0.40791188906439924,-0.3844347340841059,-0.29,0.13,0.7,-0.395920479971,0.575160745424,0.583496818971,-0.414690912264
19.95721983909607,-0.38232533204303576,0.11781816522938085,0.6978566124631518,0.5784430430651732,0.5927102804232635,-0.40770247466340875,-0.3845476063680689,-0.29,0.13,0.7,-0.395920479971,0.575160745424,0.583496818971,-0.414690912264
20.069550037384033,-0.3823018514751953,0.11784158494321603,0.6979193114568996,0.5786153067402593,0.5926091235731862,-0.40751096400389253,-0.3846473289655268,-0.29,0.13,0.7,-0.395920479971,0.575160745424,0.583496818971,-0.414690912264
20.337682962417603,-0.38228687054526805,0.11787606634179743,0.6979950083828063,0.57878717722876,0.5925100775377095,-0.4073359538882771,-0.3847266980100922,-0.29,0.13,0.7,-0.395920479971,0.575160745424,0.583496818971,-0.414690912264
20.340415954589844,-0.3822635941157425,0.11794459674161878,0.6980483078394939,0.5789660585389148,0.5923900577634882,-0.4071593134023288,-0.38482933364366767,-0.29,0.13,0.7,-0.395920479971,0.575160745424,0.583496818971,-0.414690912264
20.357789039611816,-0.38224022713516326,0.11793548724056417,0.6981034872597568,0.5791015545914482,0.5923163466898517,-0.4069650741709691,-0.38494436392649456,-0.29,0.13,0.7,-0.395920479971,0.575160745424,0.583496818971,-0.414690912264
20.458493947982788,-0.3822135156736523,0.11794607213507544,0.6981564067980037,0.5792430674966316,0.5922436187535011,-0.4067529373174585,-0.3850675431485629,-0.29,0.13,0.7,-0.395920479971,0.575160745424,0.583496818971,-0.414690912264
20.559562921524048,-0.3821958975674731,0.1180032070820277,0.6982142510081838,0.5794313887512057,0.5921123683683905,-0.40661050225673295,-0.38513648023726865,-0.29,0.13,0.7,-0.395920479971,0.575160745424,0.583496818971,-0.414690912264
20.66611886024475,-0.38218906971325417,0.11801532799792076,0.6982721398261427,0.5795269898532093,0.5920376228087179,-0.40647339524945686,-0.38525225523682455,-0.29,0.13,0.7,-0.395920479971,0.575160745424,0.583496818971,-0.414690912264
20.75994086265564,-0.38217239087525723,0.11803379270604634,0.6983252801967037,0.5796645828562771,0.591956652552091,-0.40632017683077093,-0.38533129483808126,-0.29,0.13,0.7,-0.395920479971,0.575160745424,0.583496818971,-0.414690912264
20.85846996307373,-0.3821555920666405,0.11810024968908227,0.6983605559890003,0.5798178324794885,0.5918499355802497,-0.4061747323940076,-0.3854179830484024,-0.29,0.13,0.7,-0.395920479971,0.575160745424,0.583496818971,-0.414690912264
21.387508869171143,-0.382141797418382,0.11812076069407393,0.6984074072255997,0.579956674022595,0.591768550576895,-0.4060260460929473,-0.38549071155982245,-0.29,0.13,0.7,-0.395920479971,0.575160745424,0.583496818971,-0.414690912264
21.389353036880493,-0.3821238500384142,0.11814830725035265,0.6984687243720068,0.5800767746463824,0.5916712518731716,-0.40589181470865937,-0.38560070017466935,-0.29,0.13,0.7,-0.395920479971,0.575160745424,0.583496818971,-0.414690912264
21.389402866363525,-0.38211272083845316,0.11816937117623529,0.6985072228969207,0.5801844685874953,0.591611063205614,-0.4057427100772785,-0.38568793800391854,-0.29,0.13,0.7,-0.395920479971,0.575160745424,0.583496818971,-0.414690912264
21.38944983482361,-0.3820921721521732,0.1181990738180686,0.6985491975130117,0.5803141428700073,0.5915230240266051,-0.40560784519664733,-0.38576972865480513,-0.29,0.13,0.7,-0.395920479971,0.575160745424,0.583496818971,-0.414690912264
21.390743017196655,-0.3820865615144763,0.1182195353035799,0.698604253638447,0.5804213293875392,0.5914413106083514,-0.4055040601560904,-0.38584286140189666,-0.29,0.13,0.7,-0.395920479971,0.575160745424,0.583496818971,-0.414690912264
21.45785903930664,-0.3820640442355197,0.11824099846703053,0.6986275031058454,0.5805497474186634,0.5913689651742858,-0.40535565550520813,-0.38591648105615206,-0.29,0.13,0.7,-0.395920479971,0.575160745424,0.583496818971,-0.414690912264
21.560356855392456,-0.38206014991194004,0.11823481063322289,0.698673103672202,0.5806284789650638,0.5913142519161568,-0.40525094838593345,-0.38599183116725866,-0.29,0.13,0.7,-0.395920479971,0.575160745424,0.583496818971,-0.414690912264
