Time (s),Joint 1 Position REEMC,Joint 1 Position Whole Body,q_ref Joint 1,q_lb Joint 1,q_ub Joint 1,Joint 2 Position REEMC,Joint 2 Position Whole Body,q_ref Joint 2,q_lb Joint 2,q_ub Joint 2,Joint 3 Position REEMC,Joint 3 Position Whole Body,q_ref Joint 3,q_lb Joint 3,q_ub Joint 3,Joint 4 Position REEMC,Joint 4 Position Whole Body,q_ref Joint 4,q_lb Joint 4,q_ub Joint 4,Joint 5 Position REEMC,Joint 5 Position Whole Body,q_ref Joint 5,q_lb Joint 5,q_ub Joint 5,Joint 6 Position REEMC,Joint 6 Position Whole Body,q_ref Joint 6,q_lb Joint 6,q_ub Joint 6
0.03725385665893555,-0.0002361820610657894,-0.00021201768984013825,0.0,0.0,0.0,-0.7912514123673559,-0.7912554305842896,0.0,0.0,0.0,-1.7347426192553994,-1.7346844673156738,0.0,0.0,0.0,-0.9656724822004756,-0.9656854432872315,0.0,0.0,0.0,1.5975587677503011,1.5975797176361084,0.0,0.0,0.0,0.004272998038655946,0.004284882452338934,0.0,0.0,0.0
0.13676691055297852,-0.0002524533969570791,-0.00023919740785771637,0.0,0.0,0.0,-0.7912643886562113,-0.7912554305842896,0.0,0.0,0.0,-1.7347062248499028,-1.7347111701965332,0.0,0.0,0.0,-0.9657009076654001,-0.9656854432872315,0.0,0.0,0.0,1.5975584216645133,1.5975487232208252,0.0,0.0,0.0,0.004263363324336236,0.004265785217285156,0.0,0.0,0.0
0.23824691772460938,-0.00025823450304957707,-0.00024825731386357575,0.0,0.0,0.0,-0.791278735549679,-0.7912435096553345,0.0,0.0,0.0,-1.7347354374602322,-1.7346827983856201,0.0,0.0,0.0,-0.9656562952248325,-0.9657045167735596,0.0,0.0,0.0,1.5975687366105482,1.5975725650787354,0.0,0.0,0.0,0.00424844571590059,0.004231171682476997,0.0,0.0,0.0
0.33821797370910645,-0.00025098818155124355,-0.0002358595477502945,0.0,0.0,0.0,-0.791259164666274,-0.7912554305842896,0.0,0.0,0.0,-1.7347570321921728,-1.734675645828247,0.0,0.0,0.0,-0.9656482054640395,-0.9656818074039002,0.0,0.0,0.0,1.5975680566571917,1.597583293914795,0.0,0.0,0.0,0.0042507548642027725,0.0042347670532763,0.0,0.0,0.0
0.4371368885040283,-0.0002482234103193743,-0.00023156801332646637,0.0,0.0,0.0,-0.7912620522765138,-0.7912554305842896,0.0,0.0,0.0,-1.7347147176896258,-1.7347023487091064,0.0,0.0,0.0,-0.9656943475662711,-0.965689019565918,0.0,0.0,0.0,1.597563337828834,1.5975725650787354,0.0,0.0,0.0,0.004257504434795117,0.004250275902450085,0.0,0.0,0.0
0.5532059669494629,-0.00024323019655770613,-0.0002244154559534195,0.0,0.0,0.0,-0.791252450620823,-0.7912624639323731,0.0,0.0,0.0,-1.7347259482647535,-1.7346917390823364,0.0,0.0,0.0,-0.9656912141094434,-0.9656854432872315,0.0,0.0,0.0,1.5975496964565037,1.5975368022918701,0.0,0.0,0.0,0.00425823050906698,0.0042502498254179955,0.0,0.0,0.0
0.6405239105224609,-0.00021452313020681497,-0.00017768541444951325,0.0,0.0,0.0,-0.7912409220575776,-0.7912589472583313,0.0,0.0,0.0,-1.7347109006273838,-1.7346951961517334,0.0,0.0,0.0,-0.965721632352561,-0.9657009404948731,0.0,0.0,0.0,1.5975352569581622,1.5975415706634521,0.0,0.0,0.0,0.00427447860022745,0.0042813061736524105,0.0,0.0,0.0
0.7393758296966553,-0.0002456093293864985,-0.00022870699037724762,0.0,0.0,0.0,-0.7912676294545764,-0.7912519139102479,0.0,0.0,0.0,-1.7346686263086557,-1.7347333431243896,0.0,0.0,0.0,-0.965741784000229,-0.9656973046115418,0.0,0.0,0.0,1.597547430397403,1.597524881362915,0.0,0.0,0.0,0.004265844445623402,0.004269385244697332,0.0,0.0,0.0
0.8388040065765381,-0.0002640158196542075,-0.0002587477313440445,0.0,0.0,0.0,-0.7912794463724543,-0.7912435096553345,0.0,0.0,0.0,-1.7347515107769536,-1.734675645828247,0.0,0.0,0.0,-0.9656360895383581,-0.9656973046115418,0.0,0.0,0.0,1.5975624417124827,1.5975415706634521,0.0,0.0,0.0,0.004254080110441871,0.004246649798005819,0.0,0.0,0.0
0.9391880035400391,-0.00024092958119840475,-0.00022107759584599762,0.0,0.0,0.0,-0.7912629498320314,-0.7912435096553345,0.0,0.0,0.0,-1.734739896720694,-1.7346916198730469,0.0,0.0,0.0,-0.9656634031785154,-0.965689019565918,0.0,0.0,0.0,1.5975483034172215,1.5975368022918701,0.0,0.0,0.0,0.0042570939796009516,0.0042466879822313786,0.0,0.0,0.0
1.0407838821411133,-0.00025182455625895507,-0.00023919740785771637,0.0,0.0,0.0,-0.7912819118201523,-0.791236476307251,0.0,0.0,0.0,-1.7346892862454537,-1.73472261428833,0.0,0.0,0.0,-0.965704026542704,-0.9657045167735596,0.0,0.0,0.0,1.5975500661919964,1.5975226163864136,0.0,0.0,0.0,0.004252465599392695,0.0042383549734950066,0.0,0.0,0.0
1.1384520530700684,-0.00024345725841193037,-0.0002244154559534195,0.0,0.0,1.7453292519943295,-0.7912640570438736,-0.7912589472583313,-0.8,0.0,6.283185307179586,-1.7347100077019872,-1.7346827983856201,-1.8,0.0,6.283185307179586,-0.9657035110456802,-0.9657167953303833,-0.9,0.0,6.283185307179586,1.5975555812725746,1.5975558757781982,1.653092622756958,0.0,6.283185307179586,0.004256674369030986,0.0042466879822313786,-0.02,0.0,6.283185307179586
1.236677885055542,-0.0002509055913626134,-0.0002358595477502945,0.0,0.0,1.7453292519943295,-0.7912623102817736,-0.7912589472583313,-0.8,0.0,6.283185307179586,-1.7347502081908412,-1.7346640825271606,-1.8,0.0,6.283185307179586,-0.9656569819173025,-0.9657009404948731,-0.9,0.0,6.283185307179586,1.5975690427369835,1.5975868701934814,1.653092622756958,0.0,6.283185307179586,0.0042647566135593324,0.00426937360316515,-0.02,0.0,6.283185307179586
1.3383159637451172,-0.000254547497209805,-0.00024301210512334137,0.0,0.0,1.7453292519943295,-0.7912735688835084,-0.7912435096553345,-0.8,0.0,6.283185307179586,-1.7347017357716668,-1.73472261428833,-1.8,0.0,6.283185307179586,-0.9656954255213313,-0.9656854432872315,-0.9,0.0,6.283185307179586,1.5975563280265974,1.5975381135940552,1.653092622756958,0.0,6.283185307179586,0.004255420414756867,0.004246664233505726,-0.02,0.0,6.283185307179586
1.437485933303833,-0.00024271110489330493,-0.0002244154559534195,0.0,0.0,1.7453292519943295,-0.7912698833247567,-0.7912399929812928,-0.8,0.0,6.283185307179586,-1.7346876409609706,-1.7347334623336792,-1.8,0.0,6.283185307179586,-0.9657149123302414,-0.965689019565918,-0.9,0.0,6.283185307179586,1.5975446438067114,1.5975213050842285,1.653092622756958,0.0,6.283185307179586,0.004272527207272049,0.004284906201064587,-0.02,0.0,6.283185307179586
1.5372068881988525,-0.00024621126323806094,-0.00022775331606084137,0.0,0.0,1.7453292519943295,-0.7912511632171443,-0.791270987396576,-0.8,0.0,6.283185307179586,-1.7346973777102712,-1.7347075939178467,-1.8,0.0,6.283185307179586,-0.9657258535688087,-0.9656854432872315,-0.9,0.0,6.283185307179586,1.5975645108478156,1.5975797176361084,1.653092622756958,0.0,6.283185307179586,0.004264023886091228,0.004265785217285156,-0.02,0.0,6.283185307179586
1.6387629508972168,-0.00023068276744516526,-0.00020486513246709137,0.0,0.0,1.7453292519943295,-0.7912475352330839,-0.7912435096553345,-0.8,0.0,6.283185307179586,-1.7347346372951833,-1.7347220182418823,-1.8,0.0,6.283185307179586,-0.9656774162602005,-0.9656542104533692,-0.9,0.0,6.283185307179586,1.5975347934800368,1.5975106954574585,1.653092622756958,0.0,6.283185307179586,0.004261474455839256,0.004253864288330078,-0.02,0.0,6.283185307179586
1.7346398830413818,-0.0002327477620511514,-0.00020867982973271637,0.0,0.0,1.7453292519943295,-0.7912611068447432,-0.7912279528430481,-0.8,0.0,6.283185307179586,-1.734774476656986,-1.7346880435943604,-1.8,0.0,6.283185307179586,-0.9656210217104855,-0.9656735223582764,-0.9,0.0,6.283185307179586,1.5975393092517431,1.5975226163864136,1.653092622756958,0.0,6.283185307179586,0.0042722198690410594,0.004281294532120228,-0.02,0.0,6.283185307179586
1.8377938270568848,-0.00022504687123229793,-0.00019294420351201325,0.0,0.0,1.7453292519943295,-0.7912328081424509,-0.7912745040706177,-0.8,0.0,6.283185307179586,-1.7346989472607761,-1.7347111701965332,-1.8,0.0,6.283185307179586,-0.9657406489619076,-0.9656770986369629,-0.9,0.0,6.283185307179586,1.5975539642279173,1.597583293914795,1.653092622756958,0.0,6.283185307179586,0.004263802951625454,0.004258608911186457,-0.02,0.0,6.283185307179586
1.9359169006347656,-0.0002527650856449773,-0.00023919740785771637,0.0,0.0,1.7453292519943295,-0.7912775841573879,-0.7912243765643616,-0.8,0.0,6.283185307179586,-1.7347628125017625,-1.73469877243042,-1.8,0.0,6.283185307179586,-0.9656179420278862,-0.9656735223582764,-0.9,0.0,6.283185307179586,1.5975703454036456,1.597588062286377,1.653092622756958,0.0,6.283185307179586,0.004256872248817119,0.004250264260917902,-0.02,0.0,6.283185307179586
2.04648494720459,-0.00024363669275296316,-0.0002244154559534195,0.0,0.0,1.7453292519943295,-0.7912383760346013,-0.791270987396576,-0.8,0.0,6.283185307179586,-1.734739962983513,-1.73469877243042,-1.8,0.0,6.283185307179586,-0.9656842382228303,-0.9656541508487244,-0.9,0.0,6.283185307179586,1.5975536308197602,1.5975487232208252,1.653092622756958,0.0,6.283185307179586,0.004259603731977481,0.004253864288330078,-0.02,0.0,6.283185307179586
2.1380538940429688,-0.00026659322709512154,-0.0002625624286096695,0.0,0.0,1.7453292519943295,-0.7912820394951003,-0.7912554305842896,-0.8,0.0,6.283185307179586,-1.7346678111369451,-1.73472261428833,-1.8,0.0,6.283185307179586,-0.9657314529169259,-0.9657080930522461,-0.9,0.0,6.283185307179586,1.5975629967955556,1.5975379943847656,1.653092622756958,0.0,6.283185307179586,0.004261635039713507,0.004265785217285156,-0.02,0.0,6.283185307179586
2.23822283744812,-0.0002555574951358302,-0.00024301210512334137,0.0,0.0,1.7453292519943295,-0.7912633779287103,-0.7912589472583313,-0.8,0.0,6.283185307179586,-1.7347031939305964,-1.7347146272659302,-1.8,0.0,6.283185307179586,-0.965704952311025,-0.9656807345202942,-0.9,0.0,6.283185307179586,1.597571788271046,1.5975868701934814,1.653092622756958,0.0,6.283185307179586,0.004264286141765243,0.00426937360316515,-0.02,0.0,6.283185307179586
2.33530592918396,-0.0002495471255328953,-0.0002358595477502945,0.0,0.0,1.7453292519943295,-0.7912605592569418,-0.7912554305842896,-0.8,0.0,6.283185307179586,-1.7347314791686552,-1.7346919775009155,-1.8,0.0,6.283185307179586,-0.9656761222762986,-0.9656854432872315,-0.9,0.0,6.283185307179586,1.5975440752637886,1.597507119178772,1.653092622756958,0.0,6.283185307179586,0.004263840306065288,0.004265785217285156,-0.02,0.0,6.283185307179586
2.435883045196533,-0.0002511208697663618,-0.0002358595477502945,0.0,0.0,1.7453292519943295,-0.7912527978101496,-0.7912745636752625,-0.8,0.0,6.283185307179586,-1.73471482652057,-1.7346863746643066,-1.8,0.0,6.283185307179586,-0.9657065288992814,-0.9656925958446045,-0.9,0.0,6.283185307179586,1.5975682368467001,1.597583293914795,1.653092622756958,0.0,6.283185307179586,0.004271073642695762,0.004284882452338934,-0.02,0.0,6.283185307179586
2.5376288890838623,-0.0002541401365071871,-0.00024301210512334137,0.0,0.0,1.7453292519943295,-0.7912748808738056,-0.7912435096553345,-0.8,0.0,6.283185307179586,-1.7347051572367336,-1.7347146272659302,-1.8,0.0,6.283185307179586,-0.9656916181598446,-0.9656925958446045,-0.9,0.0,6.283185307179586,1.5975520029482182,1.597524881362915,1.653092622756958,0.0,6.283185307179586,0.004269544136131158,0.004281294532120228,-0.02,0.0,6.283185307179586
2.635977029800415,-0.00025554862481925403,-0.00024301210512334137,0.0,0.0,1.7453292519943295,-0.7912607044854981,-0.7912589472583313,-0.8,0.0,6.283185307179586,-1.734714812848965,-1.7347111701965332,-1.8,0.0,6.283185307179586,-0.9656931083315632,-0.9656735819629212,-0.9,0.0,6.283185307179586,1.597570704285271,1.597583293914795,1.653092622756958,0.0,6.283185307179586,0.004256546749805332,0.004250275902450085,-0.02,0.0,6.283185307179586
2.738116979598999,-0.0002419147418191724,-0.00022107759584599762,0.0,0.0,1.7453292519943295,-0.7912703844996474,-0.7912399929812928,-0.8,0.0,6.283185307179586,-1.7346898700596072,-1.7347294092178345,-1.8,0.0,6.283185307179586,-0.9657127626332198,-0.9656925958446045,-0.9,0.0,6.283185307179586,1.5975631205268512,1.597583293914795,1.653092622756958,0.0,6.283185307179586,0.004256878663303241,0.004246649798005819,-0.02,0.0,6.283185307179586
2.8387908935546875,-0.00025050439158835915,-0.0002358595477502945,0.0,0.0,1.7453292519943295,-0.7912579636319069,-0.7912625235370179,-0.8,0.0,6.283185307179586,-1.7346838857785043,-1.734729528427124,-1.8,0.0,6.283185307179586,-0.9657316102133451,-0.9656770986369629,-0.9,0.0,6.283185307179586,1.5975560011290668,1.5975439548492432,1.653092622756958,0.0,6.283185307179586,0.004265123159144245,0.00426937360316515,-0.02,0.0,6.283185307179586
2.935973882675171,-0.0002524679329495899,-0.00023919740785771637,0.0,0.0,1.7453292519943295,-0.7912659945438445,-0.7912589472583313,-0.8,0.0,6.283185307179586,-1.7346762186927536,-1.734726071357727,-1.8,0.0,6.283185307179586,-0.9657349794760419,-0.9656925958446045,-0.9,0.0,6.283185307179586,1.5975563404022288,1.5975415706634521,1.653092622756958,0.0,6.283185307179586,0.004258591110868079,0.004253864288330078,-0.02,0.0,6.283185307179586
3.0377919673919678,-0.00025399661407549573,-0.00024301210512334137,0.0,0.0,1.7453292519943295,-0.79126681531323,-0.7912435096553345,-0.8,0.0,6.283185307179586,-1.7347495086693385,-1.734695315361023,-1.8,0.0,6.283185307179586,-0.9656458625369861,-0.9656735223582764,-0.9,0.0,6.283185307179586,1.5975496955689614,1.597517728805542,1.653092622756958,0.0,6.283185307179586,0.0042632480155310164,0.004265785217285156,-0.02,0.0,6.283185307179586
3.1398088932037354,-0.0002620345644776968,-0.0002554098712366226,0.0,0.0,1.7453292519943295,-0.7912778431326934,-0.7912399929812928,-0.8,0.0,6.283185307179586,-1.7347452063813988,-1.734691858291626,-1.8,0.0,6.283185307179586,-0.9656419100982403,-0.9656854432872315,-0.9,0.0,6.283185307179586,1.5975635204993006,1.5975487232208252,1.653092622756958,0.0,6.283185307179586,0.004268393114221176,0.004281294532120228,-0.02,0.0,6.283185307179586
3.2388570308685303,-0.0002477572118695571,-0.00023252168764287262,0.0,0.0,1.7453292519943295,-0.7912688764664195,-0.7912435096553345,-0.8,0.0,6.283185307179586,-1.7347181940521514,-1.7347077131271362,-1.8,0.0,6.283185307179586,-0.965682067449358,-0.965689019565918,-0.9,0.0,6.283185307179586,1.5975488373008033,1.5975260734558105,1.653092622756958,0.0,6.283185307179586,0.00426404685628826,0.004265785217285156,-0.02,0.0,6.283185307179586
3.336740016937256,-0.0002301670021869079,-0.0002015272723596695,0.0,0.0,1.7453292519943295,-0.7912416438244066,-0.7912589472583313,-0.8,0.0,6.283185307179586,-1.7347043308927697,-1.7347294092178345,-1.8,0.0,6.283185307179586,-0.9657208326691776,-0.9656613034060975,-0.9,0.0,6.283185307179586,1.5975567376467115,1.597583293914795,1.653092622756958,0.0,6.283185307179586,0.004267572722324106,0.004269385244697332,-0.02,0.0,6.283185307179586
3.4381799697875977,-0.0002486560051487085,-0.00023252168764287262,0.0,0.0,1.7453292519943295,-0.7912743718554197,-0.791236476307251,-0.8,0.0,6.283185307179586,-1.7347157308843986,-1.7347146272659302,-1.8,0.0,6.283185307179586,-0.965678624906827,-0.965689019565918,-0.9,0.0,6.283185307179586,1.5975655362673615,1.5975793600082397,1.653092622756958,0.0,6.283185307179586,0.004266666486896559,0.004272961523383856,-0.02,0.0,6.283185307179586
3.539214849472046,-0.0002411523916639977,-0.00022107759584599762,0.0,0.0,1.7453292519943295,-0.7912567586438247,-0.7912589472583313,-0.8,0.0,6.283185307179586,-1.7346747149730932,-1.734732985496521,-1.8,0.0,6.283185307179586,-0.9657441595876682,-0.9656854432872315,-0.9,0.0,6.283185307179586,1.5975455519496802,1.5975265502929688,1.653092622756958,0.0,6.283185307179586,0.004257194786871065,0.0042466879822313786,-0.02,0.0,6.283185307179586
3.6366758346557617,-0.0002520459315107029,-0.00023919740785771637,0.0,0.0,1.7453292519943295,-0.7912712886555163,-0.7912435096553345,-0.8,0.0,6.283185307179586,-1.734725287135224,-1.734702229499817,-1.8,0.0,6.283185307179586,-0.9656717834353902,-0.965689019565918,-0.9,0.0,6.283185307179586,1.5975554929582827,1.597540259361267,1.653092622756958,0.0,6.283185307179586,0.0042682671786197345,0.004277706146240234,-0.02,0.0,6.283185307179586
3.7369089126586914,-0.00023887017468501262,-0.00021726289858037262,0.0,0.0,1.7453292519943295,-0.791262677870757,-0.7912554305842896,-0.8,0.0,6.283185307179586,-1.7346844783565045,-1.7347111701965332,-1.8,0.0,6.283185307179586,-0.9657313571657703,-0.9657080930522461,-0.9,0.0,6.283185307179586,1.5975473334019892,1.5975368022918701,1.653092622756958,0.0,6.283185307179586,0.004251112918133745,0.004231178667396307,-0.02,0.0,6.283185307179586
3.8374428749084473,-0.0002629343014639864,-0.0002554098712366226,0.0,0.0,1.7453292519943295,-0.7912658185858276,-0.7912554305842896,-0.8,0.0,6.283185307179586,-1.7347431267101892,-1.734691858291626,-1.8,0.0,6.283185307179586,-0.9656558366249581,-0.9656735223582764,-0.9,0.0,6.283185307179586,1.5975734906127896,1.5975793600082397,1.653092622756958,0.0,6.283185307179586,0.004255570883243084,0.004250268917530775,-0.02,0.0,6.283185307179586
3.9361770153045654,-0.00024591966608193683,-0.00022775331606084137,0.0,0.0,1.7453292519943295,-0.7912740781557633,-0.7912435096553345,-0.8,0.0,6.283185307179586,-1.7346997582173431,-1.7347077131271362,-1.8,0.0,6.283185307179586,-0.9657015654119885,-0.9657080930522461,-0.9,0.0,6.283185307179586,1.5975651325415798,1.5975828170776367,1.653092622756958,0.0,6.283185307179586,0.0042563349968188675,0.004246694967150688,-0.02,0.0,6.283185307179586
4.046175956726074,-0.0002456683964224244,-0.00022870699037724762,0.0,0.0,1.7453292519943295,-0.7912676569313303,-0.7912435096553345,-0.8,0.0,6.283185307179586,-1.7347036736507035,-1.7347215414047241,-1.8,0.0,6.283185307179586,-0.9656988815760096,-0.9656854432872315,-0.9,0.0,6.283185307179586,1.5975514918631237,1.5975384712219238,1.653092622756958,0.0,6.283185307179586,0.004270599667167479,0.004281320609152317,-0.02,0.0,6.283185307179586
4.137747049331665,-0.00025071945247601764,-0.0002358595477502945,0.0,0.0,1.7453292519943295,-0.791276424783715,-0.7912435096553345,-0.8,0.0,6.283185307179586,-1.7346984552609719,-1.7347111701965332,-1.8,0.0,6.283185307179586,-0.9657000368610534,-0.9657045167735596,-0.9,0.0,6.283185307179586,1.5975666956399206,1.5975793600082397,1.653092622756958,0.0,6.283185307179586,0.0042712270797245966,0.004284882452338934,-0.02,0.0,6.283185307179586
4.238694906234741,-0.0002499590303639185,-0.0002358595477502945,0.0,0.0,1.7453292519943295,-0.7912711212279496,-0.7912435096553345,-0.8,0.0,6.283185307179586,-1.7346927947551418,-1.734729528427124,-1.8,0.0,6.283185307179586,-0.9657078007786684,-0.9656854432872315,-0.9,0.0,6.283185307179586,1.597550288547578,1.5975265502929688,1.653092622756958,0.0,6.283185307179586,0.0042589729784204815,0.004253835417330265,-0.02,0.0,6.283185307179586
4.338744878768921,-0.00025403332012449443,-0.00024301210512334137,0.0,0.0,1.7453292519943295,-0.791278630330829,-0.7912435096553345,-0.8,0.0,6.283185307179586,-1.734693310500559,-1.7347146272659302,-1.8,0.0,6.283185307179586,-0.9657036190115013,-0.9657045167735596,-0.9,0.0,6.283185307179586,1.5975498512814976,1.597517967224121,1.653092622756958,0.0,6.283185307179586,0.004264754711666985,0.004269378259778023,-0.02,0.0,6.283185307179586
4.436941862106323,-0.0002504991307502602,-0.0002358595477502945,0.0,0.0,1.7453292519943295,-0.7912721909775905,-0.7912518543056031,-0.8,0.0,6.283185307179586,-1.7346917543278857,-1.7347077131271362,-1.8,0.0,6.283185307179586,-0.965713533781181,-0.9657080930522461,-0.9,0.0,6.283185307179586,1.5975594355020257,1.5975556373596191,1.653092622756958,0.0,6.283185307179586,0.004255830575541027,0.004246656782925129,-0.02,0.0,6.283185307179586
4.536121845245361,0.7240944360703677,-0.00024301210512334137,0.0,0.0,1.7453292519943295,-0.6501965384074031,-0.7912399929812928,-0.8,0.0,6.283185307179586,-1.74642111233654,-1.734729528427124,-1.8,0.0,6.283185307179586,-1.0822160613125684,-0.9656925958446045,-0.9,0.0,6.283185307179586,0.9387087294363554,1.5975725650787354,1.653092622756958,0.0,6.283185307179586,0.24104571239995437,0.00426218518987298,-0.02,0.0,6.283185307179586
4.636855840682983,0.7241167385897769,-0.00020820299257451325,0.0,0.0,1.7453292519943295,-0.6501817221963083,-0.7912399929812928,-0.8,0.0,6.283185307179586,-1.7464191021674367,-1.734729528427124,-1.8,0.0,6.283185307179586,-1.082245684672138,-0.9656973046115418,-0.9,0.0,6.283185307179586,0.9386806050943075,1.5975180864334106,1.653092622756958,0.0,6.283185307179586,0.2410589511110086,0.0042813061736524105,-0.02,0.0,6.283185307179586
4.739564895629883,0.7249015945018265,0.001030218438245356,0.0,0.0,1.7453292519943295,-0.6498072603613341,-0.7910688084414979,-0.8,0.0,6.283185307179586,-1.7464644454802283,-1.734691858291626,-1.8,0.0,6.283185307179586,-1.0828147124845682,-0.965900258427002,-0.9,0.0,6.283185307179586,0.9379133848310207,1.5963985919952393,1.653092622756958,0.0,6.283185307179586,0.24131444036581895,0.004692769143730402,-0.02,0.0,6.283185307179586
4.837888956069946,0.7292253035873412,0.007828795351088047,0.0,0.0,1.7453292519943295,-0.6480118976354904,-0.789680616264679,-0.8,0.0,6.283185307179586,-1.7468286364131864,-1.734691858291626,-1.8,0.0,6.283185307179586,-1.0855314129972622,-0.9669846457294007,-0.9,0.0,6.283185307179586,0.9335884123773669,1.590016484260559,1.653092622756958,0.0,6.283185307179586,0.2425270608369801,0.006898570340126753,-0.02,0.0,6.283185307179586
4.939489841461182,0.7375976632405716,0.02102416567504406,0.0,0.0,1.7453292519943295,-0.6443992985999439,-0.7871555250934144,-0.8,0.0,6.283185307179586,-1.7470795896104925,-1.7349733114242554,-1.8,0.0,6.283185307179586,-1.0913261564924595,-0.9690703314593812,-0.9,0.0,6.283185307179586,0.9254767484164664,1.5782428979873657,1.653092622756958,0.0,6.283185307179586,0.2451940443721116,0.011214058846235275,-0.02,0.0,6.283185307179586
5.03899884223938,0.7516544213019949,0.04316529631614685,0.0,0.0,1.7453292519943295,-0.6382410753267223,-0.7828878921321412,-0.8,0.0,6.283185307179586,-1.747577697366105,-1.7353849411010742,-1.8,0.0,6.283185307179586,-1.1011478817825782,-0.9726532262614747,-0.9,0.0,6.283185307179586,0.911766274403114,1.5580989122390747,1.653092622756958,0.0,6.283185307179586,0.24970822292050748,0.018423380330204964,-0.02,0.0,6.283185307179586
5.138713836669922,0.7693029584539484,0.07095079869031906,2.0,0.0,1.7453292519943295,-0.6304038097701573,-0.7773634356311341,-0.8,0.0,6.283185307179586,-1.7484716567289347,-1.735843539237976,-1.8,0.0,6.283185307179586,-1.1132567887711895,-0.9771664899638672,-0.9,0.0,6.283185307179586,0.8945393333799442,1.532727599143982,1.653092622756958,0.0,6.283185307179586,0.2554008718385177,0.02759585529565811,-0.02,0.0,6.283185307179586
5.2385170459747314,0.7930659371506183,0.10837863385677338,2.0,0.0,1.7453292519943295,-0.6194166584498009,-0.7700743240169068,-0.8,0.0,6.283185307179586,-1.7495968776117525,-1.7364646196365356,-1.8,0.0,6.283185307179586,-1.130063254542629,-0.9833453458598633,-0.9,0.0,6.283185307179586,0.8715348535336677,1.4987860918045044,1.653092622756958,0.0,6.283185307179586,0.26331277079085635,0.039703261107206345,-0.02,0.0,6.283185307179586
5.338551044464111,0.8179495899698559,0.14756792783737183,2.0,0.0,1.7453292519943295,-0.6075640317730874,-0.7623707217029114,-0.8,0.0,6.283185307179586,-1.7508438043822572,-1.73716139793396,-1.8,0.0,6.283185307179586,-1.1479669937076755,-0.9899158638766785,-0.9,0.0,6.283185307179586,0.8475226081635426,1.4631016254425049,1.653092622756958,0.0,6.283185307179586,0.271949305008791,0.05255996435880661,-0.02,0.0,6.283185307179586
5.4366350173950195,0.8485129069820999,0.1956985890865326,2.0,0.0,1.7453292519943295,-0.5925649313435073,-0.7527693074992676,-0.8,0.0,6.283185307179586,-1.752706310848043,-1.7379664182662964,-1.8,0.0,6.283185307179586,-1.1700405917278132,-0.9980447453311463,-0.9,0.0,6.283185307179586,0.8181180703986253,1.4191197156906128,1.653092622756958,0.0,6.283185307179586,0.28278627823693375,0.06827302277088165,-0.02,0.0,6.283185307179586
5.535171031951904,0.8793607149486864,0.24428361654281616,2.0,0.0,1.7453292519943295,-0.5771494351551606,-0.7428113383105774,-0.8,0.0,6.283185307179586,-1.754587681932851,-1.7387640476226807,-1.8,0.0,6.283185307179586,-1.1926171179468048,-1.0066642326167603,-0.9,0.0,6.283185307179586,0.7887437143889869,1.3749873638153076,1.653092622756958,0.0,6.283185307179586,0.29420033917029986,0.08417145907878876,-0.02,0.0,6.283185307179586
5.63871693611145,0.9134984938556687,0.29807189106941223,2.0,0.0,1.7453292519943295,-0.5597587737668892,-0.7317500871470948,-0.8,0.0,6.283185307179586,-1.7562108690137526,-1.7397198677062988,-1.8,0.0,6.283185307179586,-1.2187978255526302,-1.0168790382197876,-0.9,0.0,6.283185307179586,0.7565037452907741,1.3258925676345825,1.653092622756958,0.0,6.283185307179586,0.30767929115963855,0.10172557830810547,-0.02,0.0,6.283185307179586
5.737700939178467,0.945806306693761,0.3489905893802643,2.0,0.0,1.7453292519943295,-0.5431488617307554,-0.7209559243968506,-0.8,0.0,6.283185307179586,-1.7577626772051387,-1.740696668624878,-1.8,0.0,6.283185307179586,-1.243926575711328,-1.0269162219813843,-0.9,0.0,6.283185307179586,0.7261672394718446,1.2791988849639893,1.653092622756958,0.0,6.283185307179586,0.32100539638889847,0.11843453347682953,-0.02,0.0,6.283185307179586
5.834681987762451,0.9810248615173245,0.4045220613479614,2.0,0.0,1.7453292519943295,-0.5251153869021249,-0.7086523932269593,-0.8,0.0,6.283185307179586,-1.7593447769401211,-1.741763949394226,-1.8,0.0,6.283185307179586,-1.271598785296162,-1.0385503333858033,-0.9,0.0,6.283185307179586,0.6934410098953246,1.2284482717514038,1.653092622756958,0.0,6.283185307179586,0.3360957818546182,0.13651181757450104,-0.02,0.0,6.283185307179586
5.938865900039673,1.01327050587189,0.4554104804992676,2.0,0.0,1.7453292519943295,-0.5088689984765099,-0.697099582558014,-0.8,0.0,6.283185307179586,-1.7598951233132147,-1.7427868843078613,-1.8,0.0,6.283185307179586,-1.2983684016668082,-1.0505203169635315,-0.9,0.0,6.283185307179586,0.6638503131800496,1.181847333908081,1.653092622756958,0.0,6.283185307179586,0.35111308846824574,0.15335236489772797,-0.02,0.0,6.283185307179586
6.040701866149902,1.0474554649400232,0.5093950033187866,2.0,0.0,1.7453292519943295,-0.4921082162892856,-0.6840914648822327,-0.8,0.0,6.283185307179586,-1.7604142829012301,-1.7439662218093872,-1.8,0.0,6.283185307179586,-1.3267695446363081,-1.0639320772937317,-0.9,0.0,6.283185307179586,0.6326501874196133,1.1321464776992798,1.653092622756958,0.0,6.283185307179586,0.3675835332792008,0.1710415780544281,-0.02,0.0,6.283185307179586
6.140923976898193,1.078361617468993,0.5582587122917175,2.0,0.0,1.7453292519943295,-0.4776753979986057,-0.6716791552356263,-0.8,0.0,6.283185307179586,-1.7599268687141918,-1.7451153993606567,-1.8,0.0,6.283185307179586,-1.3535852386512923,-1.0776324731162568,-0.9,0.0,6.283185307179586,0.6048377055600422,1.0872315168380737,1.653092622756958,0.0,6.283185307179586,0.38363311803413674,0.18731513619422913,-0.02,0.0,6.283185307179586
6.239830017089844,1.1105924643946015,0.6092884540557861,2.0,0.0,1.7453292519943295,-0.46332264196790995,-0.6581025880626221,-0.8,0.0,6.283185307179586,-1.7588431963892113,-1.74638032913208,-1.8,0.0,6.283185307179586,-1.382308819417517,-1.0931820434382935,-0.9,0.0,6.283185307179586,0.5760681326410441,1.0401266813278198,1.653092622756958,0.0,6.283185307179586,0.4013432577369421,0.20436379313468933,-0.02,0.0,6.283185307179586
6.336405992507935,1.1393585406369617,0.6548974514007568,2.0,0.0,1.7453292519943295,-0.45162090427412255,-0.6450564426234742,-0.8,0.0,6.283185307179586,-1.7570516811177783,-1.7475358247756958,-1.8,0.0,6.283185307179586,-1.4086679529421953,-1.108816997413971,-0.9,0.0,6.283185307179586,0.5506907527803206,0.997968316078186,1.653092622756958,0.0,6.283185307179586,0.4182610513677163,0.21990013122558594,-0.02,0.0,6.283185307179586
6.439028978347778,1.169253181384288,0.7023909091949463,2.0,0.0,1.7453292519943295,-0.44033948264591827,-0.6307934087565918,-0.8,0.0,6.283185307179586,-1.754532930653391,-1.748808741569519,-1.8,0.0,6.283185307179586,-1.436876467321391,-1.1265117090991517,-0.9,0.0,6.283185307179586,0.5245675918261522,0.9540130496025085,1.653092622756958,0.0,6.283185307179586,0.4369272672315941,0.2363029420375824,-0.02,0.0,6.283185307179586
6.538379907608032,1.1957640186388916,0.744599461555481,2.0,0.0,1.7453292519943295,-0.4316677183855001,-0.6171421569636841,-0.8,0.0,6.283185307179586,-1.7511717910733036,-1.7500040531158447,-1.8,0.0,6.283185307179586,-1.4630044877798327,-1.1443828505328675,-0.9,0.0,6.283185307179586,0.501753498784505,0.9150101542472839,1.653092622756958,0.0,6.283185307179586,0.4547812297201005,0.25125032663345337,-0.02,0.0,6.283185307179586
6.636714935302734,1.2231563467640605,0.788324236869812,2.0,0.0,1.7453292519943295,-0.4235936612275054,-0.6024279755404969,-0.8,0.0,6.283185307179586,-1.7473329290103572,-1.7511709928512573,-1.8,0.0,6.283185307179586,-1.4906175757625972,-1.164251224403717,-0.9,0.0,6.283185307179586,0.47830514484674613,0.8743579983711243,1.653092622756958,0.0,6.283185307179586,0.47433167858857483,0.2670522928237915,-0.02,0.0,6.283185307179586
6.73856782913208,1.247427214078642,0.8271764516830444,2.0,0.0,1.7453292519943295,-0.41769822941846557,-0.5884747070125123,-0.8,0.0,6.283185307179586,-1.7429322454997305,-1.7521824836730957,-1.8,0.0,6.283185307179586,-1.516197854434645,-1.1840334099582215,-0.9,0.0,6.283185307179586,0.45789045276827745,0.8384381532669067,1.653092622756958,0.0,6.283185307179586,0.4930249005622021,0.2817075252532959,-0.02,0.0,6.283185307179586
6.836025953292847,1.2726259061269474,0.8676531314849854,2.0,0.0,1.7453292519943295,-0.4123919584656853,-0.5735185307315369,-0.8,0.0,6.283185307179586,-1.7378481960097663,-1.753074049949646,-1.8,0.0,6.283185307179586,-1.543799898663412,-1.2062536042979737,-0.9,0.0,6.283185307179586,0.436918717674351,0.8010300397872925,1.653092622756958,0.0,6.283185307179586,0.5136425280502825,0.2973034381866455,-0.02,0.0,6.283185307179586
6.93547797203064,1.2947878579111292,0.9033695459365845,2.0,0.0,1.7453292519943295,-0.40863570421325557,-0.5597179693034668,-0.8,0.0,6.283185307179586,-1.7331062614982018,-1.7536622285842896,-1.8,0.0,6.283185307179586,-1.5685748232901262,-1.2273336213878174,-0.9,0.0,6.283185307179586,0.41864496964689035,0.7679912447929382,1.653092622756958,0.0,6.283185307179586,0.5330141715656251,0.3118848502635956,-0.02,0.0,6.283185307179586
7.039391040802002,1.3178355276073368,0.9406651258468628,2.0,0.0,1.7453292519943295,-0.4057065952558574,-0.544744686489441,-0.8,0.0,6.283185307179586,-1.727438386136345,-1.7541146278381348,-1.8,0.0,6.283185307179586,-1.5956016789453182,-1.251346693640091,-0.9,0.0,6.283185307179586,0.39997245553551025,0.7337233424186707,1.653092622756958,0.0,6.283185307179586,0.5544931179580951,0.3275672495365143,-0.02,0.0,6.283185307179586
7.137688875198364,1.3380941457418398,0.9736104011535645,2.0,0.0,1.7453292519943295,-0.40369808748568947,-0.5315280717662354,-0.8,0.0,6.283185307179586,-1.7217521849615314,-1.7542788982391357,-1.8,0.0,6.283185307179586,-1.6212357134553042,-1.2744144362262269,-0.9,0.0,6.283185307179586,0.383824951250768,0.7034313082695007,1.653092622756958,0.0,6.283185307179586,0.5750339671721201,0.3424207270145416,-0.02,0.0,6.283185307179586
7.239315032958984,1.3592232086136569,1.008128046989441,2.0,0.0,1.7453292519943295,-0.4021029669943844,-0.5173638624003907,-0.8,0.0,6.283185307179586,-1.7157313768247562,-1.7542576789855957,-1.8,0.0,6.283185307179586,-1.6486045233726714,-1.299717054968216,-0.9,0.0,6.283185307179586,0.36719948391371626,0.6719284057617188,1.653092622756958,0.0,6.283185307179586,0.5974587461980638,0.35847553610801697,-0.02,0.0,6.283185307179586
7.338193893432617,1.377870450632033,1.0387519598007202,2.0,0.0,1.7453292519943295,-0.40086746518363325,-0.5050278466990967,-0.8,0.0,6.283185307179586,-1.7102296189337347,-1.7537744045257568,-1.8,0.0,6.283185307179586,-1.6741062545671057,-1.323479340677597,-0.9,0.0,6.283185307179586,0.35277203700069104,0.644120991230011,1.653092622756958,0.0,6.283185307179586,0.6186190037136947,0.3737296760082245,-0.02,0.0,6.283185307179586
7.4362969398498535,1.3972620290076676,1.0707553625106812,2.0,0.0,1.7453292519943295,-0.40004362719902614,-0.4920122188380738,-0.8,0.0,6.283185307179586,-1.7045470078033855,-1.752622365951538,-1.8,0.0,6.283185307179586,-1.701334854617788,-1.3498118084720154,-0.9,0.0,6.283185307179586,0.3380115706128373,0.6152400374412537,1.653092622756958,0.0,6.283185307179586,0.6418478368851992,0.39047569036483765,-0.02,0.0,6.283185307179586
7.537987947463989,1.4144331211376202,1.0992847681045532,2.0,0.0,1.7453292519943295,-0.3992790034694483,-0.48088498533282475,-0.8,0.0,6.283185307179586,-1.69899320743322,-1.7512750625610352,-1.8,0.0,6.283185307179586,-1.7275191469394073,-1.3747047048858185,-0.9,0.0,6.283185307179586,0.3252792360137711,0.5897331237792969,1.653092622756958,0.0,6.283185307179586,0.6638561998195666,0.40645021200180054,-0.02,0.0,6.283185307179586
7.636343002319336,1.432255707432605,1.1290830373764038,2.0,0.0,1.7453292519943295,-0.3985072647062513,-0.469550685291626,-0.8,0.0,6.283185307179586,-1.6931840278246484,-1.7493582963943481,-1.8,0.0,6.283185307179586,-1.755915863791287,-1.4018970739892502,-0.9,0.0,6.283185307179586,0.3123212096671587,0.5632762908935547,1.653092622756958,0.0,6.283185307179586,0.6878670016399411,0.4239797592163086,-0.02,0.0,6.283185307179586
7.7369489669799805,1.4480127486059189,1.1556084156036377,2.0,0.0,1.7453292519943295,-0.3977293261620888,-0.4598490756801148,-0.8,0.0,6.283185307179586,-1.687891167068621,-1.7472407817840576,-1.8,0.0,6.283185307179586,-1.782411805306675,-1.427181751733162,-0.9,0.0,6.283185307179586,0.301140728601573,0.5399203896522522,1.653092622756958,0.0,6.283185307179586,0.7103098786212675,0.440727561712265,-0.02,0.0,6.283185307179586
7.8372578620910645,1.4644389183281754,1.1834564208984375,2.0,0.0,1.7453292519943295,-0.39654546547004954,-0.45029623926196294,-0.8,0.0,6.283185307179586,-1.6822490856932037,-1.7444608211517334,-1.8,0.0,6.283185307179586,-1.811517868242922,-1.454669901435711,-0.9,0.0,6.283185307179586,0.2898400562741993,0.5158096551895142,1.653092622756958,0.0,6.283185307179586,0.7347375207797464,0.4593075215816498,-0.02,0.0,6.283185307179586
7.935003995895386,1.478848641384734,1.2080821990966797,2.0,0.0,1.7453292519943295,-0.3953149618181655,-0.44237108648333745,-0.8,0.0,6.283185307179586,-1.6772378941819195,-1.7415218353271484,-1.8,0.0,6.283185307179586,-1.8384568184447534,-1.480065034036972,-0.9,0.0,6.283185307179586,0.28014204103985707,0.49445515871047974,1.653092622756958,0.0,6.283185307179586,0.7573476062082831,0.47688618302345276,-0.02,0.0,6.283185307179586
8.041421890258789,1.4937926640851722,1.2338290214538574,2.0,0.0,1.7453292519943295,-0.39385682890856283,-0.43457670629534917,-0.8,0.0,6.283185307179586,-1.671692796548257,-1.7379751205444336,-1.8,0.0,6.283185307179586,-1.8680171913066699,-1.5078871709159394,-0.9,0.0,6.283185307179586,0.2704707076727355,0.4724375605583191,1.653092622756958,0.0,6.283185307179586,0.7819446404077375,0.49655088782310486,-0.02,0.0,6.283185307179586
8.137805938720703,1.5070261481416418,1.2568310499191284,2.0,0.0,1.7453292519943295,-0.3922517427144031,-0.42820318162951665,-0.8,0.0,6.283185307179586,-1.6664355768627177,-1.734361171722412,-1.8,0.0,6.283185307179586,-1.8957413901499067,-1.533821204011776,-0.9,0.0,6.283185307179586,0.2622739554436264,0.45308932662010193,1.653092622756958,0.0,6.283185307179586,0.8045134064127715,0.5149372220039368,-0.02,0.0,6.283185307179586
8.238250017166138,1.5207860350391165,1.2809516191482544,2.0,0.0,1.7453292519943295,-0.390213457065563,-0.42214234293017583,-0.8,0.0,6.283185307179586,-1.6606784974663802,-1.7300751209259033,-1.8,0.0,6.283185307179586,-1.9260134356250997,-1.5620120757124205,-0.9,0.0,6.283185307179586,0.2541504318114334,0.4331522583961487,1.653092622756958,0.0,6.283185307179586,0.828929018919657,0.5356387495994568,-0.02,0.0,6.283185307179586
8.338249921798706,1.5328067731331498,1.3022313117980957,2.0,0.0,1.7453292519943295,-0.388209406418133,-0.4173094791224976,-0.8,0.0,6.283185307179586,-1.655348121849163,-1.7258844375610352,-1.8,0.0,6.283185307179586,-1.9538528673521813,-1.5880290470519007,-0.9,0.0,6.283185307179586,0.24736115728743827,0.4156472086906433,1.653092622756958,0.0,6.283185307179586,0.8510979170869813,0.5549908876419067,-0.02,0.0,6.283185307179586
8.437260866165161,1.5452317590961029,1.324410080909729,2.0,0.0,1.7453292519943295,-0.3859906722853201,-0.4126489919475098,-0.8,0.0,6.283185307179586,-1.649606731528191,-1.72100031375885,-1.8,0.0,6.283185307179586,-1.9836015594558982,-1.6161982021727503,-0.9,0.0,6.283185307179586,0.24071061219432732,0.3976890444755554,1.653092622756958,0.0,6.283185307179586,0.8747811508445577,0.5764715671539307,-0.02,0.0,6.283185307179586
8.539419889450073,1.556321376214956,1.3443814516067505,2.0,0.0,1.7453292519943295,-0.38365751899438993,-0.4089535039714356,-0.8,0.0,6.283185307179586,-1.6440533686615486,-1.7163617610931396,-1.8,0.0,6.283185307179586,-2.0112524781117354,-1.6422444782652796,-0.9,0.0,6.283185307179586,0.23516399148046369,0.3819373846054077,1.653092622756958,0.0,6.283185307179586,0.8963046548939615,0.5967797040939331,-0.02,0.0,6.283185307179586
8.63561201095581,1.5676198962544579,1.3649284839630127,2.0,0.0,1.7453292519943295,-0.3813249236155742,-0.4054935735515137,-0.8,0.0,6.283185307179586,-1.6378339998909983,-1.7111351490020752,-1.8,0.0,6.283185307179586,-2.0408000906874832,-1.6706072292723597,-0.9,0.0,6.283185307179586,0.22992485518905453,0.36589744687080383,1.653092622756958,0.0,6.283185307179586,0.9191072741450697,0.6190670132637024,-0.02,0.0,6.283185307179586
8.739826917648315,1.57757531835579,1.3832123279571533,2.0,0.0,1.7453292519943295,-0.3791434699948996,-0.4027472299388428,-0.8,0.0,6.283185307179586,-1.631806301486296,-1.7063610553741455,-1.8,0.0,6.283185307179586,-2.0679243870387367,-1.6967994175352992,-0.9,0.0,6.283185307179586,0.22565792460745673,0.35184362530708313,1.653092622756958,0.0,6.283185307179586,0.9395858484031361,0.6398640275001526,-0.02,0.0,6.283185307179586
8.836989879608154,1.5879411248554396,1.4023746252059937,2.0,0.0,1.7453292519943295,-0.37700488751479705,-0.40008099496875005,-0.8,0.0,6.283185307179586,-1.6249284410251315,-1.700866460800171,-1.8,0.0,6.283185307179586,-2.097035050245256,-1.7255126438536585,-0.9,0.0,6.283185307179586,0.2217011518448319,0.33764269948005676,1.653092622756958,0.0,6.283185307179586,0.9614475450780451,0.6629003286361694,-0.02,0.0,6.283185307179586
8.936146020889282,1.5968884947620996,1.4190782308578491,2.0,0.0,1.7453292519943295,-0.3753802357771906,-0.3979547780803223,-0.8,0.0,6.283185307179586,-1.6185349319718383,-1.6956387758255005,-1.8,0.0,6.283185307179586,-2.123202087699855,-1.7521378002562464,-0.9,0.0,6.283185307179586,0.21859221007043977,0.3252008259296417,1.653092622756958,0.0,6.283185307179586,0.9811059532452522,0.6842742562294006,-0.02,0.0,6.283185307179586
9.03776502609253,1.6062969326099132,1.4367284774780273,2.0,0.0,1.7453292519943295,-0.3737205943807942,-0.3959074777415772,-0.8,0.0,6.283185307179586,-1.6111682161032708,-1.689886450767517,-1.8,0.0,6.283185307179586,-2.1513185570041315,-1.781032224694723,-0.9,0.0,6.283185307179586,0.21576778539518598,0.31268635392189026,1.653092622756958,0.0,6.283185307179586,1.001820056198387,0.7075502276420593,-0.02,0.0,6.283185307179586
9.136278867721558,1.6144598705429631,1.4521443843841553,2.0,0.0,1.7453292519943295,-0.37277309503747424,-0.39406056821856694,-0.8,0.0,6.283185307179586,-1.6041323258537385,-1.6845675706863403,-1.8,0.0,6.283185307179586,-2.1765427137368647,-1.8078257046141566,-0.9,0.0,6.283185307179586,0.21367423670255958,0.3019043505191803,1.653092622756958,0.0,6.283185307179586,1.0205518516561252,0.729250967502594,-0.02,0.0,6.283185307179586
9.237018823623657,1.6229974761805053,1.4683293104171753,2.0,0.0,1.7453292519943295,-0.37195789783184946,-0.39225252092395024,-0.8,0.0,6.283185307179586,-1.59614176186704,-1.6788220405578613,-1.8,0.0,6.283185307179586,-2.2034989993177434,-1.8367763958373011,-0.9,0.0,6.283185307179586,0.21186421319732074,0.2910518944263458,1.653092622756958,0.0,6.283185307179586,1.0403085006039616,0.7528368830680847,-0.02,0.0,6.283185307179586
9.339560985565186,1.630418009209516,1.482470989227295,2.0,0.0,1.7453292519943295,-0.37168037918573626,-0.39074285448107915,-0.8,0.0,6.283185307179586,-1.5885312107141063,-1.6734650135040283,-1.8,0.0,6.283185307179586,-2.2278147525196332,-1.8635732136168421,-0.9,0.0,6.283185307179586,0.21063974028032859,0.2817496955394745,1.653092622756958,0.0,6.283185307179586,1.0580864255739582,0.7745112180709839,-0.02,0.0,6.283185307179586
9.435647010803223,1.6381846996042213,1.4972599744796753,2.0,0.0,1.7453292519943295,-0.37192112834967744,-0.38903947294268804,-0.8,0.0,6.283185307179586,-1.5802261911469162,-1.6674007177352905,-1.8,0.0,6.283185307179586,-2.253314075225075,-1.8925496540465296,-0.9,0.0,6.283185307179586,0.20965653737666154,0.2724321484565735,1.653092622756958,0.0,6.283185307179586,1.0770828349722024,0.7979286909103394,-0.02,0.0,6.283185307179586
9.539829969406128,1.6448910639476158,1.5100339651107788,2.0,0.0,1.7453292519943295,-0.3725835826423718,-0.38762326658282475,-0.8,0.0,6.283185307179586,-1.5725464352967125,-1.6617366075515747,-1.8,0.0,6.283185307179586,-2.27591963309249,-1.9187671146788539,-0.9,0.0,6.283185307179586,0.20912486770411295,0.26468199491500854,1.653092622756958,0.0,6.283185307179586,1.094098508527543,0.8191462159156799,-0.02,0.0,6.283185307179586
9.637359857559204,1.6519499837360212,1.5234744548797607,2.0,0.0,1.7453292519943295,-0.3738941683752509,-0.3860665124705811,-0.8,0.0,6.283185307179586,-1.5637339153403709,-1.655536413192749,-1.8,0.0,6.283185307179586,-2.3003866495528835,-1.947627683679098,-0.9,0.0,6.283185307179586,0.20891584943877772,0.2569209933280945,1.653092622756958,0.0,6.283185307179586,1.1125235233220778,0.8422704339027405,-0.02,0.0,6.283185307179586
9.73539400100708,1.6581607376478438,1.5352944135665894,2.0,0.0,1.7453292519943295,-0.3757473257090881,-0.3845943969539185,-0.8,0.0,6.283185307179586,-1.5554223630231492,-1.6496831178665161,-1.8,0.0,6.283185307179586,-2.3225086769875345,-1.9744802914061488,-0.9,0.0,6.283185307179586,0.20901252218615798,0.25030747056007385,1.653092622756958,0.0,6.283185307179586,1.1293858938573869,0.8633577227592468,-0.02,0.0,6.283185307179586
9.836496829986572,1.66466937738234,1.5476174354553223,2.0,0.0,1.7453292519943295,-0.37811255621796275,-0.3831489843181153,-0.8,0.0,6.283185307179586,-1.546053045888168,-1.643386721611023,-1.8,0.0,6.283185307179586,-2.3462643770702902,-2.003214021722311,-0.9,0.0,6.283185307179586,0.20945876385460166,0.2439984232187271,1.653092622756958,0.0,6.283185307179586,1.1474580086460184,0.8860523700714111,-0.02,0.0,6.283185307179586
9.937227964401245,1.6704331224992537,1.5584772825241089,2.0,0.0,1.7453292519943295,-0.3808255239828598,-0.381852464084961,-0.8,0.0,6.283185307179586,-1.537424421120772,-1.6373064517974854,-1.8,0.0,6.283185307179586,-2.3676842294150156,-2.0297018490233363,-0.9,0.0,6.283185307179586,0.21009070179500103,0.2386930286884308,1.653092622756958,0.0,6.283185307179586,1.164185752372851,0.9068319201469421,-0.02,0.0,6.283185307179586
10.039897918701172,1.67637737608009,1.569610357284546,2.0,0.0,1.7453292519943295,-0.38418468967765335,-0.38063867509875493,-0.8,0.0,6.283185307179586,-1.5281959817081943,-1.6304173469543457,-1.8,0.0,6.283185307179586,-2.390262596687894,-2.0580393276610316,-0.9,0.0,6.283185307179586,0.21100101536295152,0.23357145488262177,1.653092622756958,0.0,6.283185307179586,1.182158072084231,0.928806483745575,-0.02,0.0,6.283185307179586
10.137940883636475,1.6816895584203422,1.5794739723205566,2.0,0.0,1.7453292519943295,-0.3876525315103336,-0.37960536897692876,-0.8,0.0,6.283185307179586,-1.5196709508252713,-1.6239013671875,-1.8,0.0,6.283185307179586,-2.410699115113601,-2.0838176212706507,-0.9,0.0,6.283185307179586,0.2120337526767056,0.22942961752414703,1.653092622756958,0.0,6.283185307179586,1.1987845269075774,0.9488816261291504,-0.02,0.0,6.283185307179586
10.239152908325195,1.6872361130574414,1.5897071361541748,2.0,0.0,1.7453292519943295,-0.39168529388736784,-0.37873132646594243,-0.8,0.0,6.283185307179586,-1.5102850443212785,-1.6167895793914795,-1.8,0.0,6.283185307179586,-2.432696508797477,-2.111457487145895,-0.9,0.0,6.283185307179586,0.21337436604880558,0.22550304234027863,1.653092622756958,0.0,6.283185307179586,1.2166827559928088,0.970299243927002,-0.02,0.0,6.283185307179586
10.339349031448364,1.6921140315939873,1.5986384153366089,2.0,0.0,1.7453292519943295,-0.39572683643561474,-0.3781326574138184,-0.8,0.0,6.283185307179586,-1.501560147911622,-1.6101590394973755,-1.8,0.0,6.283185307179586,-2.4527492571675804,-2.13665308574819,-0.9,0.0,6.283185307179586,0.21481109752025185,0.22239650785923004,1.653092622756958,0.0,6.283185307179586,1.233123633770336,0.9897159934043884,-0.02,0.0,6.283185307179586
10.437855958938599,1.6972144067328596,1.6078790426254272,2.0,0.0,1.7453292519943295,-0.40047871552410336,-0.37772925317797856,-0.8,0.0,6.283185307179586,-1.492132151297905,-1.602601170539856,-1.8,0.0,6.283185307179586,-2.474272211087522,-2.16379513363027,-0.9,0.0,6.283185307179586,0.21656749823784605,0.2195737063884735,1.653092622756958,0.0,6.283185307179586,1.251081746093755,1.010402798652649,-0.02,0.0,6.283185307179586
10.539175987243652,1.701800158213803,1.6160999536514282,2.0,0.0,1.7453292519943295,-0.40514020426435526,-0.3775497239879151,-0.8,0.0,6.283185307179586,-1.4834078551908372,-1.5954091548919678,-1.8,0.0,6.283185307179586,-2.4940018290856925,-2.188632150689596,-0.9,0.0,6.283185307179586,0.21834512580972829,0.21742254495620728,1.653092622756958,0.0,6.283185307179586,1.2677523090819223,1.0292320251464844,-0.02,0.0,6.283185307179586
10.638875961303711,1.7066478030299261,1.624691128730774,2.0,0.0,1.7453292519943295,-0.4104461014174476,-0.377601222401001,-0.8,0.0,6.283185307179586,-1.474060059082581,-1.5872596502304077,-1.8,0.0,6.283185307179586,-2.5151889384158674,-2.215306898156637,-0.9,0.0,6.283185307179586,0.2204154727830627,0.21550926566123962,1.653092622756958,0.0,6.283185307179586,1.2860505081862792,1.0495065450668335,-0.02,0.0,6.283185307179586
10.738976955413818,1.710839683814542,1.6320542097091675,2.0,0.0,1.7453292519943295,-0.41513902583591955,-0.37798436105761724,-0.8,0.0,6.283185307179586,-1.4656036146618943,-1.5801328420639038,-1.8,0.0,6.283185307179586,-2.534099024448456,-2.238545080224508,-0.9,0.0,6.283185307179586,0.22240127417987046,0.21418076753616333,1.653092622756958,0.0,6.283185307179586,1.302227496763667,1.067495584487915,-0.02,0.0,6.283185307179586
10.839383840560913,1.715268977627251,1.6397321224212646,2.0,0.0,1.7453292519943295,-0.4203720439297846,-0.3789900106242676,-0.8,0.0,6.283185307179586,-1.4563768279205433,-1.5717685222625732,-1.8,0.0,6.283185307179586,-2.5549664861611925,-2.2639194927611292,-0.9,0.0,6.283185307179586,0.22478370190667174,0.2131786197423935,1.653092622756958,0.0,6.283185307179586,1.320134254152348,1.0869559049606323,-0.02,0.0,6.283185307179586
10.935375928878784,1.7192755503549264,1.6465986967086792,2.0,0.0,1.7453292519943295,-0.42531274659277624,-0.380178765659668,-0.8,0.0,6.283185307179586,-1.4478624934807285,-1.5638788938522339,-1.8,0.0,6.283185307179586,-2.574176550375196,-2.287088533441061,-0.9,0.0,6.283185307179586,0.22709613815040267,0.21257641911506653,1.653092622756958,0.0,6.283185307179586,1.336705943953786,1.1047301292419434,-0.02,0.0,6.283185307179586
11.042671918869019,1.7235224033169445,1.65377938747406,2.0,0.0,1.7453292519943295,-0.4309014634325737,-0.3818226617625733,-0.8,0.0,6.283185307179586,-1.4385261165474728,-1.5550041198730469,-1.8,0.0,6.283185307179586,-2.5952331675027795,-2.312308450738424,-0.9,0.0,6.283185307179586,0.22978711690727188,0.21226830780506134,1.653092622756958,0.0,6.283185307179586,1.3550383657733416,1.1241878271102905,-0.02,0.0,6.283185307179586
11.13958191871643,1.6601080224845144,1.6600024700164795,2.0,0.0,1.7453292519943295,-0.44875379772447055,-0.3836422723582764,-0.8,0.0,6.283185307179586,-1.4377339787506518,-1.547179102897644,-1.8,0.0,6.283185307179586,-2.519044106295417,-2.334419389764303,-0.9,0.0,6.283185307179586,0.2614808973835785,0.21222898364067078,1.653092622756958,0.0,6.283185307179586,1.2896700980344655,1.1413761377334595,-0.02,0.0,6.283185307179586
11.238579988479614,1.6666609811219903,1.666563630104065,2.0,0.0,1.7453292519943295,-0.4531403665499994,-0.38608916223559575,-0.8,0.0,6.283185307179586,-1.4287378379390374,-1.5382503271102905,-1.8,0.0,6.283185307179586,-2.542436380700929,-2.357997079888815,-0.9,0.0,6.283185307179586,0.2622550382567096,0.2125716209411621,1.653092622756958,0.0,6.283185307179586,1.30974107596634,1.1600943803787231,-0.02,0.0,6.283185307179586
11.335000038146973,1.6722738398048613,1.6721835136413574,2.0,0.0,1.7453292519943295,-0.45744630562002886,-0.3885832589915772,-0.8,0.0,6.283185307179586,-1.4204651714280232,-1.5299180746078491,-1.8,0.0,6.283185307179586,-2.5635180087944582,-2.3795463047423304,-0.9,0.0,6.283185307179586,0.2632424701518187,0.21318940818309784,1.653092622756958,0.0,6.283185307179586,1.3278334317303906,1.1768988370895386,-0.02,0.0,6.283185307179586
11.437950849533081,1.677612740788195,1.6775290966033936,2.0,0.0,1.7453292519943295,-0.46207196955693314,-0.3918154996684571,-0.8,0.0,6.283185307179586,-1.411658264634048,-1.5209635496139526,-1.8,0.0,6.283185307179586,-2.585407375579725,-2.4017988644041957,-0.9,0.0,6.283185307179586,0.26470848391421864,0.21437124907970428,1.653092622756958,0.0,6.283185307179586,1.346511117444643,1.1945663690567017,-0.02,0.0,6.283185307179586
11.53868293762207,1.6816876978609296,1.6816091537475586,2.0,0.0,1.7453292519943295,-0.46619850715043365,-0.3951950830272217,-0.8,0.0,6.283185307179586,-1.404021252956541,-1.5128602981567383,-1.8,0.0,6.283185307179586,-2.604001946633925,-2.4207011661925257,-0.9,0.0,6.283185307179586,0.2663808363525682,0.2159201204776764,1.653092622756958,0.0,6.283185307179586,1.362429288544428,1.209870457649231,-0.02,0.0,6.283185307179586
11.638206958770752,1.6852142632934781,1.6851401329040527,2.0,0.0,1.7453292519943295,-0.4708899062833203,-0.39931197584185796,-0.8,0.0,6.283185307179586,-1.3960495659940335,-1.5038450956344604,-1.8,0.0,6.283185307179586,-2.6228875036391894,-2.4404789410033167,-0.9,0.0,6.283185307179586,0.26857821068651566,0.2180957943201065,1.653092622756958,0.0,6.283185307179586,1.3786818733791892,1.2255969047546387,-0.02,0.0,6.283185307179586
11.736203908920288,1.6876513081226083,1.6875802278518677,2.0,0.0,1.7453292519943295,-0.4751245520464603,-0.40344400823626714,-0.8,0.0,6.283185307179586,-1.3892705018685125,-1.495507836341858,-1.8,0.0,6.283185307179586,-2.63861363654006,-2.4571954212584437,-0.9,0.0,6.283185307179586,0.27088087287830115,0.2205508053302765,1.653092622756958,0.0,6.283185307179586,1.3924621324625757,1.239140272140503,-0.02,0.0,6.283185307179586
11.837764978408813,1.6895323414537642,1.6894636154174805,2.0,0.0,1.7453292519943295,-0.47977994322148965,-0.4082241815379639,-0.8,0.0,6.283185307179586,-1.3819443826396605,-1.486839771270752,-1.8,0.0,6.283185307179586,-2.65459876800328,-2.4743877849974574,-0.9,0.0,6.283185307179586,0.2736700012473625,0.2236717790365219,1.653092622756958,0.0,6.283185307179586,1.4062231218093237,1.2532192468643188,-0.02,0.0,6.283185307179586
11.935436010360718,1.6906396020385954,1.6905722618103027,2.0,0.0,1.7453292519943295,-0.4839899403225565,-0.4129529756358643,-0.8,0.0,6.283185307179586,-1.3755473820947777,-1.478835105895996,-1.8,0.0,6.283185307179586,-2.6681767451714866,-2.4893747768797816,-0.9,0.0,6.283185307179586,0.27640725108451397,0.22680126130580902,1.653092622756958,0.0,6.283185307179586,1.4178572376048848,1.2653992176055908,-0.02,0.0,6.283185307179586
12.03873586654663,1.6912746695611212,1.6912081241607666,2.0,0.0,1.7453292519943295,-0.4885729776215207,-0.4183264535716553,-0.8,0.0,6.283185307179586,-1.3689711248033458,-1.4700400829315186,-1.8,0.0,6.283185307179586,-2.6817844845780345,-2.504874368707174,-0.9,0.0,6.283185307179586,0.2795455322822829,0.23045362532138824,1.653092622756958,0.0,6.283185307179586,1.4297663642533283,1.2782455682754517,-0.02,0.0,6.283185307179586
12.140147924423218,1.6915897030565474,1.691523551940918,2.0,0.0,1.7453292519943295,-0.492686480865256,-0.4234308761409302,-0.8,0.0,6.283185307179586,-1.3631414604697716,-1.4619401693344116,-1.8,0.0,6.283185307179586,-2.6936058453882055,-2.51853146175527,-0.9,0.0,6.283185307179586,0.28248925659783575,0.2339591681957245,1.653092622756958,0.0,6.283185307179586,1.440116629195541,1.289626955986023,-0.02,0.0,6.283185307179586
12.2378568649292,1.691750196311209,1.6916842460632324,2.0,0.0,1.7453292519943295,-0.4971632406959698,-0.4290303748897095,-0.8,0.0,6.283185307179586,-1.3564981729069827,-1.4536917209625244,-1.8,0.0,6.283185307179586,-2.7062899101233127,-2.533107896844381,-0.9,0.0,6.283185307179586,0.2857453208289992,0.23795177042484283,1.653092622756958,0.0,6.283185307179586,1.4506566371671348,1.3016976118087769,-0.02,0.0,6.283185307179586
12.339020013809204,1.6917644835445615,1.6916985511779785,2.0,0.0,1.7453292519943295,-0.5011297963272049,-0.434269980793335,-0.8,0.0,6.283185307179586,-1.3507710395208437,-1.445937991142273,-1.8,0.0,6.283185307179586,-2.7172896285636217,-2.545903821984762,-0.9,0.0,6.283185307179586,0.2887360192092624,0.24164751172065735,1.653092622756958,0.0,6.283185307179586,1.4601569687422342,1.3127880096435547,-0.02,0.0,6.283185307179586
12.43794584274292,1.6915897030565474,1.691523551940918,2.0,0.0,1.7453292519943295,-0.5057133136784059,-0.43992383897814946,-0.8,0.0,6.283185307179586,-1.344508996974079,-1.4375206232070923,-1.8,0.0,6.283185307179586,-2.7288487221037476,-2.5600086651244105,-0.9,0.0,6.283185307179586,0.29202002072658884,0.24575522541999817,1.653092622756958,0.0,6.283185307179586,1.4700755517610424,1.3244514465332031,-0.02,0.0,6.283185307179586
12.537214040756226,1.691296219471428,1.6912297010421753,2.0,0.0,1.7453292519943295,-0.5097130445331474,-0.4451828759959717,-0.8,0.0,6.283185307179586,-1.3389750507740503,-1.429952621459961,-1.8,0.0,6.283185307179586,-2.7389810556473053,-2.5723825893797816,-0.9,0.0,6.283185307179586,0.29500001610688215,0.2494887113571167,1.653092622756958,0.0,6.283185307179586,1.4788576107180154,1.33521568775177,-0.02,0.0,6.283185307179586
12.638360977172852,1.6909701133701536,1.6909031867980957,2.0,0.0,1.7453292519943295,-0.5141943144991348,-0.45082159460101323,-0.8,0.0,6.283185307179586,-1.33264256811581,-1.4221642017364502,-1.8,0.0,6.283185307179586,-2.7501271833290506,-2.5860778294005335,-0.9,0.0,6.283185307179586,0.2982116709122312,0.2535548806190491,1.653092622756958,0.0,6.283185307179586,1.4881109678833775,1.3468624353408813,-0.02,0.0,6.283185307179586
12.739595890045166,1.6907702111634944,1.69070303440094,2.0,0.0,1.7453292519943295,-0.5181633669209498,-0.45599277437243657,-0.8,0.0,6.283185307179586,-1.3270142134603948,-1.4149701595306396,-1.8,0.0,6.283185307179586,-2.7601880067394973,-2.59845032314443,-0.9,0.0,6.283185307179586,0.30106212169123303,0.2571693956851959,1.653092622756958,0.0,6.283185307179586,1.496546005701759,1.3574705123901367,-0.02,0.0,6.283185307179586
12.83731985092163,1.6904598210189077,1.690392255783081,2.0,0.0,1.7453292519943295,-0.522617743302189,-0.4614601892283936,-0.8,0.0,6.283185307179586,-1.3210768452345405,-1.4071497917175293,-1.8,0.0,6.283185307179586,-2.7705689700319986,-2.6117130718626917,-0.9,0.0,6.283185307179586,0.30413862129661157,0.26111701130867004,1.653092622756958,0.0,6.283185307179586,1.5055653272230451,1.3689302206039429,-0.02,0.0,6.283185307179586
12.93969202041626,1.690288255158398,1.6902204751968384,2.0,0.0,1.7453292519943295,-0.5266889633463911,-0.46645553529772954,-0.8,0.0,6.283185307179586,-1.3156094662323765,-1.4000437259674072,-1.8,0.0,6.283185307179586,-2.780237095602818,-2.624113698998922,-0.9,0.0,6.283185307179586,0.30686246332346534,0.2645721435546875,1.653092622756958,0.0,6.283185307179586,1.513875124242337,1.379501223564148,-0.02,0.0,6.283185307179586
13.038832902908325,1.6901638371679517,1.6900959014892578,2.0,0.0,1.7453292519943295,-0.5309762306096141,-0.4716647428325196,-0.8,0.0,6.283185307179586,-1.3097095635648082,-1.3928065299987793,-1.8,0.0,6.283185307179586,-2.7903997239096965,-2.6369477711119593,-0.9,0.0,6.283185307179586,0.3097408467155208,0.26834022998809814,1.653092622756958,0.0,6.283185307179586,1.5225323066663323,1.3907290697097778,-0.02,0.0,6.283185307179586
13.138665914535522,1.6900632312330934,1.6899951696395874,2.0,0.0,1.7453292519943295,-0.5350402586238,-0.4764879506877442,-0.8,0.0,6.283185307179586,-1.3041565428384772,-1.3861809968948364,-1.8,0.0,6.283185307179586,-2.7999165099738668,-2.64916529277944,-0.9,0.0,6.283185307179586,0.31235915445915713,0.2717486619949341,1.653092622756958,0.0,6.283185307179586,1.53050337525793,1.401127576828003,-0.02,0.0,6.283185307179586
13.236600875854492,1.6899721501204703,1.689903974533081,2.0,0.0,1.7453292519943295,-0.539343647777321,-0.4815400403789063,-0.8,0.0,6.283185307179586,-1.2985013241158594,-1.3790203332901,-1.8,0.0,6.283185307179586,-2.8096705425955393,-2.66192688564443,-0.9,0.0,6.283185307179586,0.31508876699086363,0.27530956268310547,1.653092622756958,0.0,6.283185307179586,1.5390434562997108,1.4122921228408813,-0.02,0.0,6.283185307179586
13.338397979736328,1.689927859697077,1.6898596286773682,2.0,0.0,1.7453292519943295,-0.5432111087702494,-0.4861918252757569,-0.8,0.0,6.283185307179586,-1.2933389064026068,-1.3725359439849854,-1.8,0.0,6.283185307179586,-2.818593556729564,-2.6735950909056605,-0.9,0.0,6.283185307179586,0.3175283764950232,0.2785048484802246,1.653092622756958,0.0,6.283185307179586,1.5466984695657946,1.4223239421844482,-0.02,0.0,6.283185307179586
13.438254833221436,1.6899038095209333,1.689835548400879,2.0,0.0,1.7453292519943295,-0.547541819846596,-0.49109216154132085,-0.8,0.0,6.283185307179586,-1.2876622426557867,-1.36570143699646,-1.8,0.0,6.283185307179586,-2.828194032244943,-2.68634094814443,-0.9,0.0,6.283185307179586,0.3201390913448735,0.28197455406188965,1.653092622756958,0.0,6.283185307179586,1.5548961754555424,1.4331144094467163,-0.02,0.0,6.283185307179586
13.53532886505127,1.6898764256570074,1.6898081302642822,2.0,0.0,1.7453292519943295,-0.5513509913091924,-0.4954443734935303,-0.8,0.0,6.283185307179586,-1.2827072814958633,-1.359634280204773,-1.8,0.0,6.283185307179586,-2.8365584140434703,-2.6974522076048792,-0.9,0.0,6.283185307179586,0.3224496213754346,0.28507199883461,1.653092622756958,0.0,6.283185307179586,1.562244824004078,1.442955732345581,-0.02,0.0,6.283185307179586
13.639149904251099,1.6898448746833536,1.6897765398025513,2.0,0.0,1.7453292519943295,-0.5555849222280524,-0.500112847690918,-0.8,0.0,6.283185307179586,-1.2773457687749954,-1.3530584573745728,-1.8,0.0,6.283185307179586,-2.845536163321958,-2.709714551965231,-0.9,0.0,6.283185307179586,0.3249043133354744,0.2883729040622711,1.653092622756958,0.0,6.283185307179586,1.5700521005086001,1.4533346891403198,-0.02,0.0,6.283185307179586
13.737772941589355,1.6898605906400415,1.689792275428772,2.0,0.0,1.7453292519943295,-0.5593077514929687,-0.5043981832316895,-0.8,0.0,6.283185307179586,-1.2726046687143973,-1.3470265865325928,-1.8,0.0,6.283185307179586,-2.8536144445199136,-2.720700880090231,-0.9,0.0,6.283185307179586,0.32708393416455794,0.2912999391555786,1.653092622756958,0.0,6.283185307179586,1.577151188415022,1.4627882242202759,-0.02,0.0,6.283185307179586
13.839073896408081,1.6898955943617555,1.6898273229599,2.0,0.0,1.7453292519943295,-0.5632480902679777,-0.5089306396296998,-0.8,0.0,6.283185307179586,-1.2676095347562588,-1.340638518333435,-1.8,0.0,6.283185307179586,-2.862076992437708,-2.7322145901122035,-0.9,0.0,6.283185307179586,0.32939050016106736,0.2944410741329193,1.653092622756958,0.0,6.283185307179586,1.5847035433208811,1.4729312658309937,-0.02,0.0,6.283185307179586
13.937050819396973,1.6898728538486694,1.6898045539855957,2.0,0.0,1.7453292519943295,-0.566914027248665,-0.5130960506251832,-0.8,0.0,6.283185307179586,-1.2629862887333938,-1.3348956108093262,-1.8,0.0,6.283185307179586,-2.8698181286255364,-2.742978712121481,-0.9,0.0,6.283185307179586,0.33145973171903353,0.29726073145866394,1.653092622756958,0.0,6.283185307179586,1.5913600344185876,1.4819064140319824,-0.02,0.0,6.283185307179586
14.039163827896118,1.6899038095209333,1.689835548400879,2.0,0.0,1.7453292519943295,-0.5706748823024717,-0.5175957244685669,-0.8,0.0,6.283185307179586,-1.258031869687581,-1.328895926475525,-1.8,0.0,6.283185307179586,-2.8781185227724,-2.754178663293356,-0.9,0.0,6.283185307179586,0.333658639226307,0.3003171384334564,1.653092622756958,0.0,6.283185307179586,1.5984042697854821,1.4915289878845215,-0.02,0.0,6.283185307179586
14.137984037399292,1.6899002377125951,1.6898319721221924,2.0,0.0,1.7453292519943295,-0.5739684005519022,-0.5217047494700928,-0.8,0.0,6.283185307179586,-1.2538069149702635,-1.3233095407485962,-1.8,0.0,6.283185307179586,-2.885383841037401,-2.764157911340231,-0.9,0.0,6.283185307179586,0.3355853347900804,0.3029460906982422,1.653092622756958,0.0,6.283185307179586,1.6048077869767376,1.5003153085708618,-0.02,0.0,6.283185307179586
14.235790014266968,1.6899002377125951,1.6898319721221924,2.0,0.0,1.7453292519943295,-0.5777810151450737,-0.5259695810130616,-0.8,0.0,6.283185307179586,-1.2491902104046264,-1.317281723022461,-1.8,0.0,6.283185307179586,-2.8930313474647407,-2.7751056156554164,-0.9,0.0,6.283185307179586,0.3376733464145947,0.3058755397796631,1.653092622756958,0.0,6.283185307179586,1.6116123887489646,1.509530782699585,-0.02,0.0,6.283185307179586
14.335253953933716,1.6899088100526067,1.68984055519104,2.0,0.0,1.7453292519943295,-0.5810288988610633,-0.5299486678889771,-0.8,0.0,6.283185307179586,-1.2450859756291095,-1.311858057975769,-1.8,0.0,6.283185307179586,-2.8999688376938604,-2.784804960290426,-0.9,0.0,6.283185307179586,0.33952306821959344,0.30846738815307617,1.653092622756958,0.0,6.283185307179586,1.6176762580855775,1.5178436040878296,-0.02,0.0,6.283185307179586
14.438138008117676,1.690036918911669,1.6899688243865967,2.0,0.0,1.7453292519943295,-0.584388002561302,-0.5342082542232056,-0.8,0.0,6.283185307179586,-1.2407226729660543,-1.306038498878479,-1.8,0.0,6.283185307179586,-2.9073911011521254,-2.794905801812643,-0.9,0.0,6.283185307179586,0.34149688451704974,0.31129223108291626,1.653092622756958,0.0,6.283185307179586,1.6241920678355946,1.5267064571380615,-0.02,0.0,6.283185307179586
14.537686824798584,1.690079780611727,1.690011739730835,2.0,0.0,1.7453292519943295,-0.5874821692959371,-0.5381198686412354,-0.8,0.0,6.283185307179586,-1.23674326339358,-1.3008404970169067,-1.8,0.0,6.283185307179586,-2.9141889699960304,-2.8043486080565394,-0.9,0.0,6.283185307179586,0.34324086495033673,0.3137477934360504,1.653092622756958,0.0,6.283185307179586,1.630038771242384,1.534773349761963,-0.02,0.0,6.283185307179586
14.636395931243896,1.690040490720007,1.6899724006652832,2.0,0.0,1.7453292519943295,-0.5907424938193143,-0.5423019689372559,-0.8,0.0,6.283185307179586,-1.2325527275157937,-1.2953838109970093,-1.8,0.0,6.283185307179586,-2.9212269081846713,-2.8142363033690394,-0.9,0.0,6.283185307179586,0.34508654870293076,0.31638795137405396,1.653092622756958,0.0,6.283185307179586,1.6360222005572738,1.54317045211792,-0.02,0.0,6.283185307179586
14.739316940307617,1.6900703748497699,1.6900023221969604,2.0,0.0,1.7453292519943295,-0.5935463869335792,-0.5461335939219971,-0.8,0.0,6.283185307179586,-1.2289491938671384,-1.2902309894561768,-1.8,0.0,6.283185307179586,-2.9274580418137353,-2.8229171238341273,-0.9,0.0,6.283185307179586,0.3467311399592003,0.31873536109924316,1.653092622756958,0.0,6.283185307179586,1.641529370710657,1.5508170127868652,-0.02,0.0,6.283185307179586
14.839015007019043,1.6900282275113794,1.6899601221084595,2.0,0.0,1.7453292519943295,-0.5966246067313,-0.5500859779170533,-0.8,0.0,6.283185307179586,-1.2251083406286858,-1.2849611043930054,-1.8,0.0,6.283185307179586,-2.9338966114743936,-2.8321453533568324,-0.9,0.0,6.283185307179586,0.34845157043507013,0.3212292790412903,1.653092622756958,0.0,6.283185307179586,1.6471771220547171,1.5587682723999023,-0.02,0.0,6.283185307179586
14.936200857162476,1.6900246557030414,1.689956545829773,2.0,0.0,1.7453292519943295,-0.5994358167291804,-0.553928331737854,-0.8,0.0,6.283185307179586,-1.2215085726844734,-1.2799123525619507,-1.8,0.0,6.283185307179586,-2.94009649290742,-2.840917249719137,-0.9,0.0,6.283185307179586,0.3500425286009262,0.3235144317150116,1.653092622756958,0.0,6.283185307179586,1.6525172816431675,1.5662461519241333,-0.02,0.0,6.283185307179586
15.039845943450928,1.6900595403644774,1.6899914741516113,2.0,0.0,1.7453292519943295,-0.6022974836512216,-0.5578558009913941,-0.8,0.0,6.283185307179586,-1.2178080242877205,-1.2747299671173096,-1.8,0.0,6.283185307179586,-2.9463727857334536,-2.849690099755758,-0.9,0.0,6.283185307179586,0.3517014880816035,0.32596710324287415,1.653092622756958,0.0,6.283185307179586,1.65798034379417,1.5739132165908813,-0.02,0.0,6.283185307179586
15.139071941375732,1.6900632312330934,1.6899951696395874,2.0,0.0,1.7453292519943295,-0.6048237345321539,-0.5614189666560669,-0.8,0.0,6.283185307179586,-1.2145304748634702,-1.2701177597045898,-1.8,0.0,6.283185307179586,-2.9520264365696236,-2.857619901696676,-0.9,0.0,6.283185307179586,0.3531463479796707,0.3280757963657379,1.653092622756958,0.0,6.283185307179586,1.6628774128726236,1.5808591842651367,-0.02,0.0,6.283185307179586
15.238515853881836,1.6900750182006095,1.690006971359253,2.0,0.0,1.7453292519943295,-0.607581960368808,-0.5652398628047486,-0.8,0.0,6.283185307179586,-1.2109136971395444,-1.2652828693389893,-1.8,0.0,6.283185307179586,-2.9581785586302827,-2.866225858727926,-0.9,0.0,6.283185307179586,0.3546964504924543,0.33037781715393066,1.653092622756958,0.0,6.283185307179586,1.6680520551692166,1.5882152318954468,-0.02,0.0,6.283185307179586
15.335213899612427,1.6900595403644774,1.6899914741516113,2.0,0.0,1.7453292519943295,-0.6100373301581269,-0.5687398475459595,-0.8,0.0,6.283185307179586,-1.2077661825368828,-1.260745644569397,-1.8,0.0,6.283185307179586,-2.963582565019756,-2.8739201031126917,-0.9,0.0,6.283185307179586,0.35608461313500106,0.3324328064918518,1.653092622756958,0.0,6.283185307179586,1.672730361930747,1.5948721170425415,-0.02,0.0,6.283185307179586
15.436003923416138,1.690052396747801,1.6899843215942383,2.0,0.0,1.7453292519943295,-0.6125911508884458,-0.5723952215960999,-0.8,0.0,6.283185307179586,-1.204540729343804,-1.2559239864349365,-1.8,0.0,6.283185307179586,-2.9691305942325044,-2.8818794689574183,-0.9,0.0,6.283185307179586,0.3575277524360147,0.33458006381988525,1.653092622756958,0.0,6.283185307179586,1.6776421773662094,1.6018520593643188,-0.02,0.0,6.283185307179586
15.536892890930176,1.6900282275113794,1.6899601221084595,2.0,0.0,1.7453292519943295,-0.6148584162952813,-0.5757008355906983,-0.8,0.0,6.283185307179586,-1.201646565453466,-1.251646637916565,-1.8,0.0,6.283185307179586,-2.974118288520159,-2.889010568658346,-0.9,0.0,6.283185307179586,0.3588078550169908,0.3364921510219574,1.653092622756958,0.0,6.283185307179586,1.6820214399213438,1.6081432104110718,-0.02,0.0,6.283185307179586
15.639824867248535,1.6900750182006095,1.690006971359253,2.0,0.0,1.7453292519943295,-0.6172158427716531,-0.5792092841914673,-0.8,0.0,6.283185307179586,-1.198531373980857,-1.2472079992294312,-1.8,0.0,6.283185307179586,-2.9795675319896273,-2.896639963189596,-0.9,0.0,6.283185307179586,0.3601310311030784,0.3384711742401123,1.653092622756958,0.0,6.283185307179586,1.686606820855912,1.614627480506897,-0.02,0.0,6.283185307179586
15.737812042236328,1.6900009627077315,1.6899328231811523,2.0,0.0,1.7453292519943295,-0.619521847261677,-0.5823186200908204,-0.8,0.0,6.283185307179586,-1.1957424909890069,-1.2431437969207764,-1.8,0.0,6.283185307179586,-2.98422789157566,-2.9035960636534632,-0.9,0.0,6.283185307179586,0.36134734433763543,0.3403257131576538,1.653092622756958,0.0,6.283185307179586,1.6907446091273715,1.6206257343292236,-0.02,0.0,6.283185307179586
15.8348388671875,1.6900282275113794,1.6899601221084595,2.0,0.0,1.7453292519943295,-0.6218142267980244,-0.585786299114563,-0.8,0.0,6.283185307179586,-1.1926938181986717,-1.2388006448745728,-1.8,0.0,6.283185307179586,-2.989489073010076,-2.910914560357565,-0.9,0.0,6.283185307179586,0.362658876281725,0.3423400819301605,1.653092622756958,0.0,6.283185307179586,1.6952445761965542,1.6271121501922607,-0.02,0.0,6.283185307179586
15.939059019088745,1.6900210838947032,1.6899529695510864,2.0,0.0,1.7453292519943295,-0.6238145077451942,-0.5888037246516724,-0.8,0.0,6.283185307179586,-1.190066797064945,-1.2350616455078125,-1.8,0.0,6.283185307179586,-2.9940502430071843,-2.917349477807516,-0.9,0.0,6.283185307179586,0.36376862081018774,0.3440357446670532,1.653092622756958,0.0,6.283185307179586,1.6991260410826132,1.6327457427978516,-0.02,0.0,6.283185307179586
16.0414400100708,1.690103116426203,1.690035104751587,2.0,0.0,1.7453292519943295,-0.6259837698585747,-0.5919693273356934,-0.8,0.0,6.283185307179586,-1.1873005496828777,-1.23096764087677,-1.8,0.0,6.283185307179586,-2.9989354521047855,-2.9243036709227503,-0.9,0.0,6.283185307179586,0.3649312311827415,0.3457968235015869,1.653092622756958,0.0,6.283185307179586,1.7033803499932076,1.6387336254119873,-0.02,0.0,6.283185307179586
16.138005018234253,1.6900787090692255,1.690010666847229,2.0,0.0,1.7453292519943295,-0.6279826467323611,-0.5947747987559815,-0.8,0.0,6.283185307179586,-1.1848433445376023,-1.227347493171692,-1.8,0.0,6.283185307179586,-3.003103167077215,-2.9304663143553675,-0.9,0.0,6.283185307179586,0.36597634832025566,0.34741976857185364,1.653092622756958,0.0,6.283185307179586,1.7070251297426413,1.6439878940582275,-0.02,0.0,6.283185307179586
16.237372875213623,1.690048824939463,1.6899807453155518,2.0,0.0,1.7453292519943295,-0.6301154789821697,-0.5978802007487793,-0.8,0.0,6.283185307179586,-1.1821673145257299,-1.2234190702438354,-1.8,0.0,6.283185307179586,-3.007690917753639,-2.937155386010641,-0.9,0.0,6.283185307179586,0.3671070893558067,0.3491792678833008,1.653092622756958,0.0,6.283185307179586,1.711023431308842,1.649808406829834,-0.02,0.0,6.283185307179586
16.338685989379883,1.6900921628806327,1.6900241374969482,2.0,0.0,1.7453292519943295,-0.6319838316372951,-0.6005483430675049,-0.8,0.0,6.283185307179586,-1.1798661886343993,-1.2198995351791382,-1.8,0.0,6.283185307179586,-3.0116598608506773,-2.942937513391012,-0.9,0.0,6.283185307179586,0.3680956988017969,0.35072192549705505,1.653092622756958,0.0,6.283185307179586,1.7146081052418936,1.6549186706542969,-0.02,0.0,6.283185307179586
16.436190843582153,1.6900921628806327,1.6900241374969482,2.0,0.0,1.7453292519943295,-0.6339406991621457,-0.6034019154361268,-0.8,0.0,6.283185307179586,-1.1774637405134327,-1.2161918878555298,-1.8,0.0,6.283185307179586,-3.0158265087207377,-2.949066778222555,-0.9,0.0,6.283185307179586,0.36911948802685685,0.3523150384426117,1.653092622756958,0.0,6.283185307179586,1.7183593558610935,1.6603405475616455,-0.02,0.0,6.283185307179586
16.5385160446167,1.6901195467445584,1.690051555633545,2.0,0.0,1.7453292519943295,-0.6357470639617159,-0.6059700411609192,-0.8,0.0,6.283185307179586,-1.175228123034855,-1.2128950357437134,-1.8,0.0,6.283185307179586,-3.0196728449737718,-2.954705377618307,-0.9,0.0,6.283185307179586,0.3700439863401685,0.3537725508213043,1.653092622756958,0.0,6.283185307179586,1.7217087849722674,1.6651253700256348,-0.02,0.0,6.283185307179586
16.636212825775146,1.6900643027755948,1.6899962425231934,2.0,0.0,1.7453292519943295,-0.6376422820602071,-0.6087004107287903,-0.8,0.0,6.283185307179586,-1.172882920501107,-1.2095426321029663,-1.8,0.0,6.283185307179586,-3.0237149612257674,-2.960691591302389,-0.9,0.0,6.283185307179586,0.37098748755134164,0.35526108741760254,1.653092622756958,0.0,6.283185307179586,1.725181894670747,1.670248031616211,-0.02,0.0,6.283185307179586
16.738703966140747,1.6900921628806327,1.6900241374969482,2.0,0.0,1.7453292519943295,-0.639344937565355,-0.6111163657954712,-0.8,0.0,6.283185307179586,-1.1708040357627165,-1.206425666809082,-1.8,0.0,6.283185307179586,-3.0273132689453695,-2.9659916363158167,-0.9,0.0,6.283185307179586,0.3718451439610048,0.35661986470222473,1.653092622756958,0.0,6.283185307179586,1.7283879991587385,1.674852728843689,-0.02,0.0,6.283185307179586
16.83500385284424,1.6900885910722945,1.6900205612182617,2.0,0.0,1.7453292519943295,-0.6411182797799908,-0.6136517089656373,-0.8,0.0,6.283185307179586,-1.1686199714739285,-1.2032440900802612,-1.8,0.0,6.283185307179586,-3.0310723757199183,-2.971518655816549,-0.9,0.0,6.283185307179586,0.3727342120809241,0.3580441474914551,1.653092622756958,0.0,6.283185307179586,1.7316998344086412,1.679689645767212,-0.02,0.0,6.283185307179586
16.938858032226562,1.6901195467445584,1.690051555633545,2.0,0.0,1.7453292519943295,-0.6426438826215362,-0.6160007280162354,-0.8,0.0,6.283185307179586,-1.1666796365497765,-1.2003039121627808,-1.8,0.0,6.283185307179586,-3.0345305747571794,-2.976490160027975,-0.9,0.0,6.283185307179586,0.373522735254687,0.3592880964279175,1.653092622756958,0.0,6.283185307179586,1.7347258098121123,1.6840616464614868,-0.02,0.0,6.283185307179586
17.040642976760864,1.6901269284817908,1.690058946609497,2.0,0.0,1.7453292519943295,-0.6443823685839045,-0.6183642906001587,-0.8,0.0,6.283185307179586,-1.1646596671975054,-1.197171926498413,-1.8,0.0,6.283185307179586,-3.0379773764532643,-2.9817353687682093,-0.9,0.0,6.283185307179586,0.3743626131693985,0.3606400489807129,1.653092622756958,0.0,6.283185307179586,1.7379315959766173,1.688701868057251,-0.02,0.0,6.283185307179586
17.138280868530273,1.6900885910722945,1.6900205612182617,2.0,0.0,1.7453292519943295,-0.6458642458302554,-0.6206445854953309,-0.8,0.0,6.283185307179586,-1.1627939421835176,-1.1943905353546143,-1.8,0.0,6.283185307179586,-3.0412314008595107,-2.9865275822081507,-0.9,0.0,6.283185307179586,0.37510987469297596,0.36184513568878174,1.653092622756958,0.0,6.283185307179586,1.7407059178999453,1.6927963495254517,-0.02,0.0,6.283185307179586
17.237851858139038,1.6901195467445584,1.690051555633545,2.0,0.0,1.7453292519943295,-0.647519518894157,-0.6227784913829346,-0.8,0.0,6.283185307179586,-1.160908724888983,-1.191564679145813,-1.8,0.0,6.283185307179586,-3.0444635208362185,-2.99149813274526,-0.9,0.0,6.283185307179586,0.3758608083456445,0.36305809020996094,1.653092622756958,0.0,6.283185307179586,1.7436817649875997,1.6970529556274414,-0.02,0.0,6.283185307179586
17.33881402015686,1.6901004971000884,1.6900324821472168,2.0,0.0,1.7453292519943295,-0.6489938186663653,-0.6248704356006165,-0.8,0.0,6.283185307179586,-1.1591844777183884,-1.188865303993225,-1.8,0.0,6.283185307179586,-3.047463056307522,-2.9960862598814906,-0.9,0.0,6.283185307179586,0.37655590539700357,0.3641771078109741,1.653092622756958,0.0,6.283185307179586,1.7464129517983906,1.7010412216186523,-0.02,0.0,6.283185307179586
17.436312913894653,1.6900850192639563,1.6900169849395752,2.0,0.0,1.7453292519943295,-0.6504357361877136,-0.6271035236171265,-0.8,0.0,6.283185307179586,-1.1573726385792413,-1.1861563920974731,-1.8,0.0,6.283185307179586,-3.0506931583372587,-3.000808378259176,-0.9,0.0,6.283185307179586,0.37726495219584305,0.3653217852115631,1.653092622756958,0.0,6.283185307179586,1.7492121492052415,1.7051712274551392,-0.02,0.0,6.283185307179586
17.53620195388794,1.6901087122592662,1.6900407075881958,2.0,0.0,1.7453292519943295,-0.6517578900191722,-0.629040853386261,-0.8,0.0,6.283185307179586,-1.1557703713503846,-1.1836833953857422,-1.8,0.0,6.283185307179586,-3.0535061473889624,-3.0049778423705042,-0.9,0.0,6.283185307179586,0.37790765719349095,0.36636877059936523,1.653092622756958,0.0,6.283185307179586,1.7517432104165034,1.7088346481323242,-0.02,0.0,6.283185307179586
17.638983964920044,1.6901278809640143,1.6900599002838135,2.0,0.0,1.7453292519943295,-0.6531572693451234,-0.6310823720744629,-0.8,0.0,6.283185307179586,-1.1540882595586148,-1.1810837984085083,-1.8,0.0,6.283185307179586,-3.0564727257432738,-3.0093914471068324,-0.9,0.0,6.283185307179586,0.3785773183994062,0.3674602806568146,1.653092622756958,0.0,6.283185307179586,1.7544374599361814,1.7127543687820435,-0.02,0.0,6.283185307179586
17.737977027893066,1.6901709807846281,1.6901030540466309,2.0,0.0,1.7453292519943295,-0.6544032024248491,-0.6329469841769715,-0.8,0.0,6.283185307179586,-1.152518468505235,-1.1787899732589722,-1.8,0.0,6.283185307179586,-3.0592431015451607,-3.0133801899352015,-0.9,0.0,6.283185307179586,0.37919041816130894,0.36847469210624695,1.653092622756958,0.0,6.283185307179586,1.7568512882744491,1.7162472009658813,-0.02,0.0,6.283185307179586
17.836472034454346,1.690124190095398,1.6900562047958374,2.0,0.0,1.7453292519943295,-0.6557481692161511,-0.6348892015269776,-0.8,0.0,6.283185307179586,-1.1509497191251539,-1.1763662099838257,-1.8,0.0,6.283185307179586,-3.0620002269781543,-3.017625947991842,-0.9,0.0,6.283185307179586,0.3797974733660443,0.3694702982902527,1.653092622756958,0.0,6.283185307179586,1.7593403847406042,1.719949722290039,-0.02,0.0,6.283185307179586
17.93872094154358,1.6901627656254503,1.6900948286056519,2.0,0.0,1.7453292519943295,-0.6568834387792879,-0.6366592806628724,-0.8,0.0,6.283185307179586,-1.1494998175573463,-1.1742438077926636,-1.8,0.0,6.283185307179586,-3.0646487598417025,-3.0214158497252406,-0.9,0.0,6.283185307179586,0.3803425643238222,0.37035971879959106,1.653092622756958,0.0,6.283185307179586,1.7616135551662866,1.7232444286346436,-0.02,0.0,6.283185307179586
18.040299892425537,1.69016740897629,1.6900994777679443,2.0,0.0,1.7453292519943295,-0.658139249309385,-0.6384461683085938,-0.8,0.0,6.283185307179586,-1.1480129958878271,-1.1720184087753296,-1.8,0.0,6.283185307179586,-3.067277091002596,-3.025370260278219,-0.9,0.0,6.283185307179586,0.38091016303007263,0.3713007867336273,1.653092622756958,0.0,6.283185307179586,1.7639806473060766,1.726714015007019,-0.02,0.0,6.283185307179586
18.13754892349243,1.690159193817112,1.6900912523269653,2.0,0.0,1.7453292519943295,-0.6591996053093973,-0.6401205819896241,-0.8,0.0,6.283185307179586,-1.1467213796286253,-1.1699450016021729,-1.8,0.0,6.283185307179586,-3.0696380474553404,-3.0288735828795375,-0.9,0.0,6.283185307179586,0.38141056132577505,0.37211519479751587,1.653092622756958,0.0,6.283185307179586,1.7661228551008454,1.7298842668533325,-0.02,0.0,6.283185307179586
18.240226984024048,1.690136453304026,1.6900684833526611,2.0,0.0,1.7453292519943295,-0.6603839048794998,-0.6418667596629639,-0.8,0.0,6.283185307179586,-1.1453189143734004,-1.1677629947662354,-1.8,0.0,6.283185307179586,-3.0720890656049438,-3.032607217828268,-0.9,0.0,6.283185307179586,0.38195537722965645,0.373030424118042,1.653092622756958,0.0,6.283185307179586,1.7683225024953746,1.733136534690857,-0.02,0.0,6.283185307179586
18.338047981262207,1.690136453304026,1.6900684833526611,2.0,0.0,1.7453292519943295,-0.6613810661227508,-0.6434528392604371,-0.8,0.0,6.283185307179586,-1.1440593310594913,-1.1658759117126465,-1.8,0.0,6.283185307179586,-3.0743699680264496,-3.03591312984609,-0.9,0.0,6.283185307179586,0.3824316926917691,0.3738265335559845,1.653092622756958,0.0,6.283185307179586,1.770311291800761,1.7360860109329224,-0.02,0.0,6.283185307179586
18.438747882843018,1.6901483593318198,1.6900804042816162,2.0,0.0,1.7453292519943295,-0.6624135525766931,-0.6451233190349122,-0.8,0.0,6.283185307179586,-1.1428005240837031,-1.163786768913269,-1.8,0.0,6.283185307179586,-3.076724977450503,-3.0393949947752894,-0.9,0.0,6.283185307179586,0.382913823215257,0.37460508942604065,1.653092622756958,0.0,6.283185307179586,1.7724614928141675,1.7392343282699585,-0.02,0.0,6.283185307179586
18.54092788696289,1.6901720523271295,1.6901041269302368,2.0,0.0,1.7453292519943295,-0.6633434145107929,-0.646629349594452,-0.8,0.0,6.283185307179586,-1.1415674656971786,-1.1620867252349854,-1.8,0.0,6.283185307179586,-3.078982536283108,-3.042549272576803,-0.9,0.0,6.283185307179586,0.3833617865771116,0.37536486983299255,1.653092622756958,0.0,6.283185307179586,1.774344743248109,1.7420146465301514,-0.02,0.0,6.283185307179586
18.638569831848145,1.6901793150040838,1.6901113986968994,2.0,0.0,1.7453292519943295,-0.664430800459466,-0.6480931800654908,-0.8,0.0,6.283185307179586,-1.1403622026089666,-1.1601742506027222,-1.8,0.0,6.283185307179586,-3.081107972931442,-3.0458713970580042,-0.9,0.0,6.283185307179586,0.38382149499999046,0.3761369287967682,1.653092622756958,0.0,6.283185307179586,1.7763769522435917,1.7449843883514404,-0.02,0.0,6.283185307179586
18.737928867340088,1.6901757431957456,1.690107822418213,2.0,0.0,1.7453292519943295,-0.6653353740337534,-0.6494923991015931,-0.8,0.0,6.283185307179586,-1.1393063382331365,-1.1583997011184692,-1.8,0.0,6.283185307179586,-3.0830632062481422,-3.0488649807372035,-0.9,0.0,6.283185307179586,0.38421832264714967,0.376784086227417,1.653092622756958,0.0,6.283185307179586,1.77816930571207,1.747604250907898,-0.02,0.0,6.283185307179586
18.834681034088135,1.6901951500210497,1.6901272535324097,2.0,0.0,1.7453292519943295,-0.6662345202694921,-0.6510074895671387,-0.8,0.0,6.283185307179586,-1.1381294118008893,-1.1566598415374756,-1.8,0.0,6.283185307179586,-3.085287105292894,-3.052006860772604,-0.9,0.0,6.283185307179586,0.38464171963963645,0.3774893283843994,1.653092622756958,0.0,6.283185307179586,1.780065718747001,1.7504019737243652,-0.02,0.0,6.283185307179586
18.93465304374695,1.6901447875234816,1.6900768280029297,2.0,0.0,1.7453292519943295,-0.6670822082096244,-0.6523471635631104,-0.8,0.0,6.283185307179586,-1.1371166070151104,-1.1550623178482056,-1.8,0.0,6.283185307179586,-3.087118670230803,-3.0547992191710414,-0.9,0.0,6.283185307179586,0.3850163201671896,0.3781265914440155,1.653092622756958,0.0,6.283185307179586,1.7817018216525424,1.7528926134109497,-0.02,0.0,6.283185307179586
19.040568828582764,1.6901565744909974,1.6900886297225952,2.0,0.0,1.7453292519943295,-0.6680588359078568,-0.6536317628673096,-0.8,0.0,6.283185307179586,-1.1360545222600948,-1.1533856391906738,-1.8,0.0,6.283185307179586,-3.0890162060989907,-3.0577908955016078,-0.9,0.0,6.283185307179586,0.3854078902961222,0.3787872791290283,1.653092622756958,0.0,6.283185307179586,1.7835262743892004,1.7555509805679321,-0.02,0.0,6.283185307179586
19.138020992279053,1.6901720523271295,1.6901041269302368,2.0,0.0,1.7453292519943295,-0.6688330162877814,-0.6548470419696351,-0.8,0.0,6.283185307179586,-1.1351189117597298,-1.1518982648849487,-1.8,0.0,6.283185307179586,-3.090772359395277,-3.0603987179198207,-0.9,0.0,6.283185307179586,0.38574682893795087,0.37934932112693787,1.653092622756958,0.0,6.283185307179586,1.7850960129879427,1.7578381299972534,-0.02,0.0,6.283185307179586
19.237594842910767,1.6901684805187913,1.6901005506515503,2.0,0.0,1.7453292519943295,-0.6696472524986973,-0.6561623376658936,-0.8,0.0,6.283185307179586,-1.1340889235882765,-1.1504098176956177,-1.8,0.0,6.283185307179586,-3.0927071399238035,-3.0631944141783656,-0.9,0.0,6.283185307179586,0.38610563344098886,0.3799601197242737,1.653092622756958,0.0,6.283185307179586,1.7867548201772265,1.760317087173462,-0.02,0.0,6.283185307179586
19.338706970214844,1.6901997933718893,1.6901319026947021,2.0,0.0,1.7453292519943295,-0.6704186748425737,-0.657346324329712,-0.8,0.0,6.283185307179586,-1.1331174782353446,-1.1490166187286377,-1.8,0.0,6.283185307179586,-3.094471856913132,-3.0657183132567347,-0.9,0.0,6.283185307179586,0.3864596253042329,0.3805755376815796,1.653092622756958,0.0,6.283185307179586,1.7882938078879658,1.7625685930252075,-0.02,0.0,6.283185307179586
19.438227891921997,1.690223843548033,1.6901559829711914,2.0,0.0,1.7453292519943295,-0.6711865760980918,-0.6585710805705567,-0.8,0.0,6.283185307179586,-1.132222253240649,-1.147441029548645,-1.8,0.0,6.283185307179586,-3.0961976915440212,-3.0683237514891566,-0.9,0.0,6.283185307179586,0.3867902404683317,0.38110998272895813,1.653092622756958,0.0,6.283185307179586,1.789927676135366,1.7649353742599487,-0.02,0.0,6.283185307179586
19.538724899291992,1.6902188430163596,1.6901509761810303,2.0,0.0,1.7453292519943295,-0.6718768480322764,-0.6596177381328125,-0.8,0.0,6.283185307179586,-1.131421928187741,-1.1461869478225708,-1.8,0.0,6.283185307179586,-3.097736266768144,-3.0706588230528773,-0.9,0.0,6.283185307179586,0.38706292422865146,0.3815620541572571,1.653092622756958,0.0,6.283185307179586,1.7913335796156673,1.7670220136642456,-0.02,0.0,6.283185307179586
19.63578987121582,1.6902202717396948,1.6901524066925049,2.0,0.0,1.7453292519943295,-0.6726287217944446,-0.6607552331737061,-0.8,0.0,6.283185307179586,-1.1305401695720942,-1.1447954177856445,-1.8,0.0,6.283185307179586,-3.099367760879901,-3.0731221638121546,-0.9,0.0,6.283185307179586,0.3873800176027108,0.38210344314575195,1.653092622756958,0.0,6.283185307179586,1.7928291136940748,1.7692337036132812,-0.02,0.0,6.283185307179586
19.734993934631348,1.690204436722729,1.6901365518569946,2.0,0.0,1.7453292519943295,-0.673288964234161,-0.6618123811534424,-0.8,0.0,6.283185307179586,-1.129743006401459,-1.1435513496398926,-1.8,0.0,6.283185307179586,-3.1008607463230278,-3.0753547153868617,-0.9,0.0,6.283185307179586,0.3876609612391922,0.38258519768714905,1.653092622756958,0.0,6.283185307179586,1.7941596587722246,1.7712314128875732,-0.02,0.0,6.283185307179586
19.836390018463135,1.6902584900889133,1.6901906728744507,2.0,0.0,1.7453292519943295,-0.6740130402764174,-0.6628338855556031,-0.8,0.0,6.283185307179586,-1.1289124101788233,-1.1422452926635742,-1.8,0.0,6.283185307179586,-3.1024239774091793,-3.077691217462057,-0.9,0.0,6.283185307179586,0.3879569699925484,0.3830821216106415,1.653092622756958,0.0,6.283185307179586,1.795632818536035,1.7733304500579834,-0.02,0.0,6.283185307179586
19.93539786338806,1.690266824308369,1.6901990175247192,2.0,0.0,1.7453292519943295,-0.6745894268004409,-0.6637998384288331,-0.8,0.0,6.283185307179586,-1.1281742987529415,-1.1412012577056885,-1.8,0.0,6.283185307179586,-3.1039077928574135,-3.0798031292357386,-0.9,0.0,6.283185307179586,0.38818999363859646,0.38347119092941284,1.653092622756958,0.0,6.283185307179586,1.7968912215982673,1.7752015590667725,-0.02,0.0,6.283185307179586
20.04092788696289,1.690204436722729,1.6901365518569946,2.0,0.0,1.7453292519943295,-0.6753121387504749,-0.6647539895823975,-0.8,0.0,6.283185307179586,-1.1274496688845714,-1.1399582624435425,-1.8,0.0,6.283185307179586,-3.1051830027177876,-3.0819837055602015,-0.9,0.0,6.283185307179586,0.3884510047663778,0.38392916321754456,1.653092622756958,0.0,6.283185307179586,1.7981880134527837,1.777195930480957,-0.02,0.0,6.283185307179586
