Time (s),Current Error X,Current Error Y,Current Error Z,Delayed Error X,Delayed Error Y,Delayed Error Z
0.0,5.7715833429616836e-05,-0.012711356479915864,0.011189768623965146,5.7715833429616836e-05,-0.012711356479915864,0.011189768623965146
0.10000000000013642,-0.0005230474275905173,-0.011874343452427688,0.012856905949860109,-0.0005230474275905173,-0.011874343452427688,0.012856905949860109
0.20000000000004547,-0.0011358237398331195,-0.011004260591439247,0.014605740081973462,-0.0011358237398331195,-0.011004260591439247,0.014605740081973462
0.3000000000001819,-0.0017323301825709625,-0.010169811743874074,0.01629843198212999,-0.0017323301825709625,-0.010169811743874074,0.01629843198212999
0.4010000000000673,-0.0023003632980836963,-0.009386377920568872,0.017901726386758354,-0.0023003632980836963,-0.009386377920568872,0.017901726386758354
0.5,-0.002817185395987687,-0.008682818072424353,0.019353419175487607,-0.002817185395987687,-0.008682818072424353,0.019353419175487607
0.6010000000001128,-0.0032550199999068496,-0.008093524056586282,0.020578134651032753,-0.0032550199999068496,-0.008093524056586282,0.020578134651032753
0.7010000000000218,-0.003623437776887728,-0.007602358417971661,0.021605133871615667,-0.003623437776887728,-0.007602358417971661,0.021605133871615667
0.8000000000001819,-0.003889965091076697,-0.007249666939671662,0.022346125266562433,-0.003889965091076697,-0.007249666939671662,0.022346125266562433
0.9010000000000673,-0.004060425240153154,-0.007025247010179564,0.022819175475260245,-0.004060425240153154,-0.007025247010179564,0.022819175475260245
1.0,-0.0041529466942795135,-0.006903809598020588,0.023075657523343618,-0.0041529466942795135,-0.006903809598020588,0.023075657523343618
1.1010000000001128,-0.004181465622694003,-0.006866430169134408,0.023154676637901606,-0.004181465622694003,-0.006866430169134408,0.023154676637901606
1.2010000000000218,-0.002315463857157418,-0.024860862836781725,0.011018375763127475,-0.002315463857157418,-0.024860862836781725,0.011018375763127475
1.3010000000001583,-0.002333091344803251,-0.02482255839067264,0.011066634870410264,-0.002333091344803251,-0.02482255839067264,0.011066634870410264
1.400000000000091,-0.002399225820440054,-0.02467968972964886,0.011247606648852826,-0.002399225820440054,-0.02467968972964886,0.011247606648852826
1.5010000000002037,-0.0025321936589214333,-0.024393830377830453,0.011610960227185108,-0.0025321936589214333,-0.024393830377830453,0.011610960227185108
1.6020000000000891,-0.00275470142725609,-0.023918633493546823,0.012217480005515702,-0.00275470142725609,-0.023918633493546823,0.012217480005515702
1.7010000000000218,-0.003060079040106245,-0.023272342373252694,0.013046850557284384,-0.003060079040106245,-0.023272342373252694,0.013046850557284384
1.8010000000001583,-0.003440061398426675,-0.022477222791454157,0.014074056539093882,-0.003440061398426675,-0.022477222791454157,0.014074056539093882
1.9010000000000673,-0.0039010629455594747,-0.021525554724276433,0.0153133991699137,-0.0039010629455594747,-0.021525554724276433,0.0153133991699137
2.0010000000002037,-0.004432757135473864,-0.020444987717445726,0.01673379097019212,-0.004432757135473864,-0.020444987717445726,0.01673379097019212
2.1010000000001128,-0.00499556322461181,-0.01932033751701935,0.01822725826282423,-0.00499556322461181,-0.01932033751701935,0.01822725826282423
2.201000000000022,-0.005566234698469202,-0.01819934941479036,0.01973153297108643,-0.005566234698469202,-0.01819934941479036,0.01973153297108643
2.3010000000001583,-0.00614525371808522,-0.01708113727953746,0.021247974155349847,-0.00614525371808522,-0.01708113727953746,0.021247974155349847
2.4010000000000673,-0.006697566579246639,-0.016031855163628803,0.022685677273209137,-0.006697566579246639,-0.016031855163628803,0.022685677273209137
2.5,-0.007210312964856358,-0.015072470726978801,0.024013001851446836,-0.007210312964856358,-0.015072470726978801,0.024013001851446836
2.6010000000001128,-0.0076437257654211055,-0.014272249668760242,0.025129647498785213,-0.0076437257654211055,-0.014272249668760242,0.025129647498785213
2.7000000000000455,-0.007987756617888975,-0.0136438826902774,0.02601266410456682,-0.007987756617888975,-0.0136438826902774,0.02601266410456682
2.8010000000001583,-0.008252770121742081,-0.013163881386402274,0.026690905728395276,-0.008252770121742081,-0.013163881386402274,0.026690905728395276
2.900000000000091,-0.008420653966800945,-0.012861600580498886,0.027119700639835043,-0.008420653966800945,-0.012861600580498886,0.027119700639835043
3.0090000000000146,-0.008506583893086672,-0.012707416006138103,0.02733891962673307,-0.008506583893086672,-0.012707416006138103,0.02733891962673307
3.1010000000001128,-0.008535196253493221,-0.012656157309557589,0.027411875499876004,-0.008535196253493221,-0.012656157309557589,0.027411875499876004
3.2000000000000455,-0.006067400269638756,-0.03644283293772843,0.011365790848767099,-0.006067400269638756,-0.03644283293772843,0.011365790848767099
3.3010000000001583,-0.006080743187343168,-0.036379956408144176,0.011412724078075698,-0.006080743187343168,-0.036379956408144176,0.011412724078075698
3.400000000000091,-0.0061303276405930696,-0.036147052235700444,0.011586735069855969,-0.0061303276405930696,-0.036147052235700444,0.011586735069855969
3.5,-0.006230041470025649,-0.03568223185291683,0.011934790239413573,-0.006230041470025649,-0.03568223185291683,0.011934790239413573
3.6000000000001364,-0.006393824020359956,-0.034928743813841145,0.012501196121757152,-0.006393824020359956,-0.034928743813841145,0.012501196121757152
3.701000000000022,-0.006630114437987472,-0.033862607826041224,0.013307316651012924,-0.006630114437987472,-0.033862607826041224,0.013307316651012924
3.800000000000182,-0.006922751554299944,-0.03257450902256112,0.014288708871593725,-0.006922751554299944,-0.03257450902256112,0.014288708871593725
3.900000000000091,-0.0072907731649903,-0.031001662361188537,0.015498295340872326,-0.0072907731649903,-0.031001662361188537,0.015498295340872326
4.0,-0.007696593531665852,-0.02932319694584637,0.016803041396133644,-0.007696593531665852,-0.02932319694584637,0.016803041396133644
4.100000000000136,-0.008160063954085583,-0.027471776766619146,0.01825933030064497,-0.008160063954085583,-0.027471776766619146,0.01825933030064497
4.2000000000000455,-0.008628847474927231,-0.02566387112617849,0.01969915129220312,-0.008628847474927231,-0.02566387112617849,0.01969915129220312
4.301000000000158,-0.009112034339562258,-0.023862557297739714,0.021151648610502005,-0.009112034339562258,-0.023862557297739714,0.021151648610502005
4.400000000000091,-0.009579682819599422,-0.022174240486537183,0.02252970901415363,-0.009579682819599422,-0.022174240486537183,0.02252970901415363
4.5,-0.01001130915728285,-0.020660351082199574,0.02377947075811615,-0.01001130915728285,-0.020660351082199574,0.02377947075811615
4.600000000000136,-0.010388324000454058,-0.019370505216238662,0.024855021501878016,-0.010388324000454058,-0.019370505216238662,0.024855021501878016
4.706000000000131,-0.010388324000454058,-0.019370505216238662,0.024855021501878016,-0.010388324000454058,-0.019370505216238662,0.024855021501878016
4.819000000000187,-0.010929193219959332,-0.01756941348766068,0.026373818870032095,-0.010929193219959332,-0.01756941348766068,0.026373818870032095
4.901000000000067,-0.011077570561704692,-0.017084951230499135,0.02678578177390356,-0.010929193219959332,-0.01756941348766068,0.026373818870032095
5.001000000000204,-0.011154651911051944,-0.01683485234712942,0.02699903082916455,-0.011154651911051944,-0.01683485234712942,0.02699903082916455
5.101000000000113,-0.011179085690443846,-0.01675579677568141,0.027066520382466264,-0.011179085690443846,-0.01675579677568141,0.027066520382466264
5.2000000000000455,-0.008198353002298014,-0.045477454386723265,0.007689349972746284,-0.008198353002298014,-0.045477454386723265,0.007689349972746284
5.301000000000158,-0.008202938126498971,-0.045403350441340404,0.007735759898431449,-0.008202938126498971,-0.045403350441340404,0.007735759898431449
5.401000000000067,-0.008221079084185123,-0.045113720189074516,0.007917290223056095,-0.008221079084185123,-0.045113720189074516,0.007917290223056095
5.5,-0.008221079084185123,-0.045113720189074516,0.007917290223056095,-0.008221079084185123,-0.045113720189074516,0.007917290223056095
5.601000000000113,-0.008322127430451298,-0.043592509894932754,0.00887442743972322,-0.008258910157995986,-0.044526905196990846,0.008285773163569043
5.701000000000022,-0.008415476439915193,-0.04230189794246507,0.00969139786931672,-0.008415476439915193,-0.04230189794246507,0.00969139786931672
5.801000000000158,-0.00854282316520441,-0.04067902741133518,0.010725215645669972,-0.00854282316520441,-0.04067902741133518,0.010725215645669972
5.901000000000067,-0.0087065258106174,-0.038774155489496226,0.011948120902556703,-0.0087065258106174,-0.038774155489496226,0.011948120902556703
6.012000000000171,-0.00890656527237646,-0.0366573388278299,0.013319318246595158,-0.00890656527237646,-0.0366573388278299,0.013319318246595158
6.113000000000056,-0.009139741941617568,-0.03441191093091776,0.014788237933643034,-0.009139741941617568,-0.03441191093091776,0.014788237933643034
6.213000000000193,-0.009393830832328864,-0.0321735826543586,0.016267666870219744,-0.009393830832328864,-0.0321735826543586,0.016267666870219744
6.3120000000001255,-0.009674584338297099,-0.029897122739014514,0.017788238452808858,-0.009674584338297099,-0.029897122739014514,0.017788238452808858
6.402000000000044,-0.009952570194347726,-0.027805343547902178,0.01920000259905652,-0.009674584338297099,-0.029897122739014514,0.017788238452808858
6.508000000000038,-0.010213197411500174,-0.025964370677109883,0.02045431801166797,-0.010213197411500174,-0.025964370677109883,0.02045431801166797
6.601000000000113,-0.010452564802486769,-0.024360275613045393,0.021556472034928165,-0.010452564802486769,-0.024360275613045393,0.021556472034928165
6.7000000000000455,-0.010655938034328294,-0.0230543071394676,0.022460261292956862,-0.010655938034328294,-0.0230543071394676,0.022460261292956862
6.813000000000102,-0.010806456777050083,-0.022118025243756112,0.023111844938907833,-0.010806456777050083,-0.022118025243756112,0.023111844938907833
6.911000000000058,-0.010905587477385403,-0.021514431202284967,0.023533530490978394,-0.010905587477385403,-0.021514431202284967,0.023533530490978394
7.001000000000204,-0.010957420289991998,-0.021202754105671462,0.023751779392282568,-0.010905587477385403,-0.021514431202284967,0.023533530490978394
7.101000000000113,-0.010973897840392016,-0.021104222841003537,0.02382084662907047,-0.010973897840392016,-0.021104222841003537,0.02382084662907047
7.2000000000000455,-0.0075625292521218634,-0.05396473581406001,0.0016504161399077955,-0.0075625292521218634,-0.05396473581406001,0.0016504161399077955
7.311000000000149,-0.007553287958515509,-0.05387229110598902,0.0017016504725835269,-0.007553287958515509,-0.05387229110598902,0.0017016504725835269
7.400000000000091,-0.007519025974719984,-0.05352629494238043,0.0018934713257336977,-0.007553287958515509,-0.05387229110598902,0.0017016504725835269
7.508000000000038,-0.007450147916865019,-0.05281440137190337,0.0022884672610973267,-0.007450147916865019,-0.05281440137190337,0.0022884672610973267
7.601000000000113,-0.007344650124124302,-0.051677389885664886,0.002920246690813144,-0.007450147916865019,-0.05281440137190337,0.0022884672610973267
7.7000000000000455,-0.007207674179802115,-0.05010232941605008,0.003797299470729154,-0.007207674179802115,-0.05010232941605008,0.003797299470729154
7.810000000000173,-0.007050077758269241,-0.04811557041802491,0.0049067742544733894,-0.007050077758269241,-0.04811557041802491,0.0049067742544733894
7.901000000000067,-0.006886184769251041,-0.04577556408565354,0.006218185040122948,-0.007050077758269241,-0.04811557041802491,0.0049067742544733894
8.001000000000204,-0.0067311106713090485,-0.04316554245668531,0.007687080216064568,-0.0067311106713090485,-0.04316554245668531,0.007687080216064568
8.11200000000008,-0.006598147076067928,-0.040386124017896034,0.00925871512039178,-0.006598147076067928,-0.040386124017896034,0.00925871512039178
8.201000000000022,-0.0064966592022896175,-0.03754793764744432,0.010871767019399181,-0.006598147076067928,-0.040386124017896034,0.00925871512039178
8.300000000000182,-0.00643083224824792,-0.03476437473549169,0.012462122076683624,-0.00643083224824792,-0.03476437473549169,0.012462122076683624
8.413000000000011,-0.006399433065397697,-0.03214457389707214,0.013966750006101147,-0.006399433065397697,-0.03214457389707214,0.013966750006101147
8.5,-0.006396566059072545,-0.029786708153652412,0.0153276662835522,-0.006399433065397697,-0.03214457389707214,0.013966750006101147
8.601000000000113,-0.006413227794895643,-0.027771583304776568,0.01649596643101925,-0.006413227794895643,-0.027771583304776568,0.01649596643101925
8.704000000000178,-0.006439328106135067,-0.02615648105780257,0.017435904117041767,-0.006439328106135067,-0.02615648105780257,0.017435904117041767
8.801000000000158,-0.00646528007632155,-0.024988653760516594,0.018117555372258565,-0.00646528007632155,-0.024988653760516594,0.018117555372258565
8.903999999999996,-0.006486130254707179,-0.0242015002782767,0.018577978588042998,-0.006486130254707179,-0.0242015002782767,0.018577978588042998
9.0,-0.0064976985874559134,-0.02380364355672436,0.018810993298856493,-0.0064976985874559134,-0.02380364355672436,0.018810993298856493
9.100000000000136,-0.006501531108004693,-0.023676838124050782,0.01888530258372423,-0.006501531108004693,-0.023676838124050782,0.01888530258372423
9.213000000000193,-0.002750183380922283,-0.05979862762823234,-0.005486444335422447,-0.002750183380922283,-0.05979862762823234,-0.005486444335422447
9.300000000000182,-0.0027261340873718787,-0.05969407568419667,-0.005432402830279348,-0.002750183380922283,-0.05979862762823234,-0.005486444335422447
9.413000000000011,-0.0026327003447825514,-0.05928177427311037,-0.005219088025385843,-0.0026327003447825514,-0.05928177427311037,-0.005219088025385843
9.501000000000204,-0.002445724664635135,-0.058442648409814245,-0.004784936512612581,-0.0026327003447825514,-0.05928177427311037,-0.005219088025385843
9.601000000000113,-0.0021611766710521174,-0.057132783720410744,-0.004107509530461351,-0.0021611766710521174,-0.057132783720410744,-0.004107509530461351
9.701000000000022,-0.0017733856889648736,-0.05528051191164437,-0.003150246552470981,-0.0017733856889648736,-0.05528051191164437,-0.003150246552470981
9.801000000000158,-0.0012962171265445133,-0.052882356910627995,-0.0019120299213800651,-0.0012962171265445133,-0.052882356910627995,-0.0019120299213800651
9.901000000000067,-0.0007770743291589943,-0.05009817891153604,-0.00047599381518936834,-0.0007770743291589943,-0.05009817891153604,-0.00047599381518936834
10.001000000000204,-0.0002397940029772172,-0.04698082468018357,0.0011302582686849583,-0.0002397940029772172,-0.04698082468018357,0.0011302582686849583
10.104000000000042,0.0002837282643629868,-0.04364752614109161,0.002846240849979864,0.0002837282643629868,-0.04364752614109161,0.002846240849979864
10.200000000000045,0.0007571512584681472,-0.040297836272892816,0.004569473555106618,0.0007571512584681472,-0.040297836272892816,0.004569473555106618
10.305000000000064,0.0011880539018349345,-0.03686371248075978,0.006335349278013491,0.0011880539018349345,-0.03686371248075978,0.006335349278013491
10.401000000000067,0.001538150593743376,-0.03368400398707174,0.007970077002760312,0.001538150593743376,-0.03368400398707174,0.007970077002760312
10.501000000000204,0.001814079542608954,-0.030812783445343703,0.009446247349668702,0.001814079542608954,-0.030812783445343703,0.009446247349668702
10.600000000000136,0.001814079542608954,-0.030812783445343703,0.009446247349668702,0.001814079542608954,-0.030812783445343703,0.009446247349668702
10.701000000000022,0.002165696427451125,-0.026376529786143608,0.011727752631142119,0.0020202784553984554,-0.028352345060964578,0.010711462490140988
10.805000000000064,0.002259758353286956,-0.024946452046137258,0.012463544074990951,0.002259758353286956,-0.024946452046137258,0.012463544074990951
10.906000000000176,0.0023178492684891028,-0.023982722441622167,0.012959513127872802,0.0023178492684891028,-0.023982722441622167,0.012959513127872802
11.001000000000204,0.0023455270784674687,-0.023496686537420798,0.013209685144845662,0.0023455270784674687,-0.023496686537420798,0.013209685144845662
11.103000000000065,0.0023455270784674687,-0.023496686537420798,0.013209685144845662,0.0023455270784674687,-0.023496686537420798,0.013209685144845662
11.211000000000013,0.006364877048547268,-0.061953981971785095,-0.012763230935195047,0.006364877048547268,-0.061953981971785095,-0.012763230935195047
11.309000000000196,0.006397725249513153,-0.06183078718173192,-0.012701899829889118,0.006364877048547268,-0.061953981971785095,-0.012763230935195047
11.401000000000067,0.006520047674557633,-0.061369439612336485,-0.012472293464741768,0.006520047674557633,-0.061369439612336485,-0.012472293464741768
11.5,0.006768648266790883,-0.0604189110888084,-0.011999573357706184,0.006768648266790883,-0.0604189110888084,-0.011999573357706184
11.601000000000113,0.007147966355300239,-0.05893342303615831,-0.011261713229903325,0.006768648266790883,-0.0604189110888084,-0.011999573357706184
11.701000000000022,0.0076776063118025595,-0.05678185257303323,-0.01019489032374754,0.0076776063118025595,-0.05678185257303323,-0.01019489032374754
11.801000000000158,0.008291562887208725,-0.05416045284216008,-0.008897969297182673,0.008291562887208725,-0.05416045284216008,-0.008897969297182673
11.901000000000067,0.009001667643017297,-0.050928201097562506,-0.007302854821112148,0.009001667643017297,-0.050928201097562506,-0.007302854821112148
12.001000000000204,0.009710209504503936,-0.047441517604005,-0.005586733072846295,0.009710209504503936,-0.047441517604005,-0.005586733072846295
12.101000000000113,0.01041747474420926,-0.04362909014022164,-0.003715139949134749,0.01041747474420926,-0.04362909014022164,-0.003715139949134749
12.201000000000022,0.011084602203803195,-0.03962921579275094,-0.0017563342618791555,0.011084602203803195,-0.03962921579275094,-0.0017563342618791555
12.302000000000135,0.01165793608801216,-0.035758448976881844,0.0001351899149735214,0.01165793608801216,-0.035758448976881844,0.0001351899149735214
12.400000000000091,0.01213584927636216,-0.03209389712104686,0.001922819076736526,0.01213584927636216,-0.03209389712104686,0.001922819076736526
12.5,0.012514320014587549,-0.028778241037516764,0.0035380577541614944,0.012514320014587549,-0.028778241037516764,0.0035380577541614944
12.604000000000042,0.012793799952296542,-0.025983349126939455,0.004898262397638242,0.012793799952296542,-0.025983349126939455,0.004898262397638242
12.701000000000022,0.012996934021423268,-0.023681642315302363,0.006017686450081161,0.012996934021423268,-0.023681642315302363,0.006017686450081161
12.801000000000158,0.013133468017258426,-0.02195341716437315,0.0068578264401906175,0.013133468017258426,-0.02195341716437315,0.0068578264401906175
12.901000000000067,0.013212794547353607,-0.020859878607008664,0.007389286706252052,0.013212794547353607,-0.020859878607008664,0.007389286706252052
13.0,0.013251332072422711,-0.020299411959176252,0.0076616366275568115,0.013251332072422711,-0.020299411959176252,0.0076616366275568115
13.101000000000113,0.013263931893121333,-0.020111495363234907,0.007752946506569214,0.013263931893121333,-0.020111495363234907,0.007752946506569214
13.201000000000022,0.017445894675957224,-0.06036999578898964,-0.01941105536987342,0.017445894675957224,-0.06036999578898964,-0.01941105536987342
13.302000000000135,0.017471131782522548,-0.060251887822319786,-0.019347644034814482,0.017471131782522548,-0.060251887822319786,-0.019347644034814482
13.401000000000067,0.017569816230658147,-0.05978697647472379,-0.01909806306253603,0.017569816230658147,-0.05978697647472379,-0.01909806306253603
13.501000000000204,0.017762569886938057,-0.05886430112782399,-0.018602860612182637,0.017762569886938057,-0.05886430112782399,-0.018602860612182637
13.600000000000136,0.018067884011147534,-0.05736069390864569,-0.01779620148538541,0.018067884011147534,-0.05736069390864569,-0.01779620148538541
13.700000000000045,0.01848388440210061,-0.05521972500115776,-0.016648256486368918,0.01848388440210061,-0.05521972500115776,-0.016648256486368918
13.800000000000182,0.018960729866426024,-0.05261372826271174,-0.015251869640829474,0.018960729866426024,-0.05261372826271174,-0.015251869640829474
13.900000000000091,0.019503827181574868,-0.04940414095375362,-0.013533164762832395,0.019503827181574868,-0.04940414095375362,-0.013533164762832395
14.0,0.020045474878467667,-0.04587279997734011,-0.011643214121061063,0.020045474878467667,-0.04587279997734011,-0.011643214121061063
14.101000000000113,0.02056083581110582,-0.04209349727358787,-0.009621310227023838,0.02056083581110582,-0.04209349727358787,-0.009621310227023838
14.201000000000022,0.02102118031833891,-0.03821470930691185,-0.007546470251954429,0.02102118031833891,-0.03821470930691185,-0.007546470251954429
14.301000000000158,0.021400498828704012,-0.03446667331006216,-0.005541343550420241,0.021400498828704012,-0.03446667331006216,-0.005541343550420241
14.401000000000067,0.02170615287609498,-0.03084638752498075,-0.003603887802030914,0.02170615287609498,-0.03084638752498075,-0.003603887802030914
14.501000000000204,0.02193151317931144,-0.02757137638954403,-0.0018502769231796279,0.02193151317931144,-0.02757137638954403,-0.0018502769231796279
14.604000000000042,0.022088892161847257,-0.024708337327690344,-0.0003162713050332,0.022088892161847257,-0.024708337327690344,-0.0003162713050332
14.700000000000045,0.022186793384702835,-0.02245610841633964,0.0008912561255901563,0.022186793384702835,-0.02245610841633964,0.0008912561255901563
14.801000000000158,0.022244363401447115,-0.020796693561144844,0.001781459582390288,0.022244363401447115,-0.020796693561144844,0.001781459582390288
14.901000000000067,0.022274635889605016,-0.01973837093184727,0.0023494516212055894,0.022274635889605016,-0.01973837093184727,0.0023494516212055894
15.0,0.022288944472367372,-0.01916491286541358,0.0026573066794741695,0.022288944472367372,-0.01916491286541358,0.0026573066794741695
15.100000000000136,0.02229305506307236,-0.018988287667144527,0.002752138542716165,0.02229305506307236,-0.018988287667144527,0.002752138542716165
15.200000000000045,0.026560064872794997,-0.06006945802776181,-0.024966573154142413,0.026560064872794997,-0.06006945802776181,-0.024966573154142413
15.300000000000182,0.026578499289273694,-0.05994309081974668,-0.02489910508158577,0.026578499289273694,-0.05994309081974668,-0.02489910508158577
15.401000000000067,0.026647944281982916,-0.05945871846534899,-0.02464045059825093,0.026647944281982916,-0.05945871846534899,-0.02464045059825093
15.501000000000204,0.02678824003588831,-0.0584544426332918,-0.024103994711672683,0.02678824003588831,-0.0584544426332918,-0.024103994711672683
15.601000000000113,0.027008871601010676,-0.05680403983973639,-0.023221893023184115,0.027008871601010676,-0.05680403983973639,-0.023221893023184115
15.701000000000022,0.027290730181741996,-0.05454991863475493,-0.0220160657099846,0.027290730181741996,-0.05454991863475493,-0.0220160657099846
15.801000000000158,0.02760852997538199,-0.051762269307466094,-0.02052304283377515,0.02760852997538199,-0.051762269307466094,-0.02052304283377515
15.901000000000067,0.02794640991486852,-0.04840528137994575,-0.0187222610179838,0.02794640991486852,-0.04840528137994575,-0.0187222610179838
16.001000000000204,0.028267055137764896,-0.044645390598450796,-0.01670136276537393,0.028267055137764896,-0.044645390598450796,-0.01670136276537393
16.101000000000113,0.028542756836948846,-0.040624662258133076,-0.014535185487403957,0.028542756836948846,-0.040624662258133076,-0.014535185487403957
16.200000000000045,0.02875716122736971,-0.03641953650999093,-0.012263542977465236,0.02875716122736971,-0.03641953650999093,-0.012263542977465236
16.30100000000016,0.02889261945039734,-0.0323629444049279,-0.010065707660675272,0.02889261945039734,-0.0323629444049279,-0.010065707660675272
16.401000000000067,0.028956349490545652,-0.02853403986497209,-0.007984988633935264,0.028956349490545652,-0.02853403986497209,-0.007984988633935264
16.501000000000204,0.028960886871770952,-0.02514409428374252,-0.006137407170913378,0.028960886871770952,-0.02514409428374252,-0.006137407170913378
16.601000000000113,0.028923869755355325,-0.022121469158810594,-0.004485492547276926,0.028923869755355325,-0.022121469158810594,-0.004485492547276926
16.70900000000006,0.028867662415129114,-0.019747591649856816,-0.003184992317530111,0.028867662415129114,-0.019747591649856816,-0.003184992317530111
16.80100000000016,0.028811077989077616,-0.018001527218848207,-0.002226604299500168,0.028811077989077616,-0.018001527218848207,-0.002226604299500168
16.90000000000009,0.028768332281998987,-0.016890231245880002,-0.0016158026417107951,0.028768332281998987,-0.016890231245880002,-0.0016158026417107951
17.001000000000204,0.028743065840450777,-0.016290033052472314,-0.0012856430625373116,0.028743065840450777,-0.016290033052472314,-0.0012856430625373116
17.100000000000136,0.02873503925384202,-0.01610662406910701,-0.0011847141649694581,0.02873503925384202,-0.01610662406910701,-0.0011847141649694581
17.201000000000022,0.03300085968919714,-0.05718749497343892,-0.028902871288389753,0.03300085968919714,-0.05718749497343892,-0.028902871288389753
17.30100000000016,0.033007195649861154,-0.05706744251759041,-0.028832242747825143,0.033007195649861154,-0.05706744251759041,-0.028832242747825143
17.401000000000067,0.033031643474846106,-0.05659322674294898,-0.028553158420444924,0.033031643474846106,-0.05659322674294898,-0.028553158420444924
17.501000000000204,0.033077390605186774,-0.055652799016576895,-0.027999241939788533,0.033077390605186774,-0.055652799016576895,-0.027999241939788533
17.601000000000113,0.03314554971917888,-0.05408556130668274,-0.027074763858679685,0.03314554971917888,-0.05408556130668274,-0.027074763858679685
17.700000000000045,0.03322073284550969,-0.0519957261414625,-0.025839316284565927,0.03322073284550969,-0.0519957261414625,-0.025839316284565927
17.80100000000016,0.0332910843764454,-0.0493064962991111,-0.024244884455377425,0.0332910843764454,-0.0493064962991111,-0.024244884455377425
17.90000000000009,0.033336419253394645,-0.04606396431493939,-0.02231526984622867,0.033336419253394645,-0.04606396431493939,-0.02231526984622867
18.003000000000156,0.03333702555230861,-0.04258260912723433,-0.020234578590754393,0.03333702555230861,-0.04258260912723433,-0.020234578590754393
18.101000000000113,0.03328110946305668,-0.038794968467947916,-0.017959931465316825,0.03328110946305668,-0.038794968467947916,-0.017959931465316825
18.203000000000202,0.03316277072825624,-0.034919121406132236,-0.015620123226373184,0.03316277072825624,-0.034919121406132236,-0.015620123226373184
18.30300000000011,0.03298206334972076,-0.03103573854296987,-0.013262934461015341,0.03298206334972076,-0.03103573854296987,-0.013262934461015341
18.401000000000067,0.03276455389052563,-0.027518354470548484,-0.011116415082591868,0.03276455389052563,-0.027518354470548484,-0.011116415082591868
18.501000000000204,0.03251886516511143,-0.024279496979523002,-0.009129880603885865,0.03251886516511143,-0.024279496979523002,-0.009129880603885865
18.600000000000136,0.032273768543890136,-0.02150611724289772,-0.007421000921845167,0.032273768543890136,-0.02150611724289772,-0.007421000921845167
18.701000000000022,0.03205364488296908,-0.019278657269741206,-0.0060431247148955425,0.03205364488296908,-0.019278657269741206,-0.0060431247148955425
18.80100000000016,0.03187513782485896,-0.017610168257494396,-0.005007816027884249,0.03187513782485896,-0.017610168257494396,-0.005007816027884249
18.901000000000067,0.031756345830752486,-0.01655617417590005,-0.004352368985241162,0.031756345830752486,-0.01655617417590005,-0.004352368985241162
19.009000000000015,0.031693710713551704,-0.016016495670114123,-0.004016324223472978,0.031693710713551704,-0.016016495670114123,-0.004016324223472978
19.101000000000113,0.031672570942479106,-0.015836698252484016,-0.003904302924853442,0.031672570942479106,-0.015836698252484016,-0.003904302924853442
19.201000000000022,0.03584965425395739,-0.05607329392604726,-0.031051956444778428,0.03584965425395739,-0.05607329392604726,-0.031051956444778428
19.30100000000016,0.035848116840341365,-0.055940856319614374,-0.030974611190772938,0.035848116840341365,-0.055940856319614374,-0.030974611190772938
19.401000000000067,0.03584153832542178,-0.05546193796746446,-0.03069459047210843,0.03584153832542178,-0.05546193796746446,-0.03069459047210843
19.501000000000204,0.03582412061082571,-0.05443222142069226,-0.03009157233135107,0.03582412061082571,-0.05443222142069226,-0.03009157233135107
19.600000000000136,0.03578930346955819,-0.05284957670817342,-0.029162457885156923,0.03578930346955819,-0.05284957670817342,-0.029162457885156923
19.705000000000155,0.03572217659193597,-0.05056512033700303,-0.027816512523660797,0.03572217659193597,-0.05056512033700303,-0.027816512523660797
19.80100000000016,0.03561413101142338,-0.04779395836000366,-0.026176123984866906,0.03561413101142338,-0.04779395836000366,-0.026176123984866906
19.901000000000067,0.0354417798328556,-0.04439490752680744,-0.024152380006155494,0.0354417798328556,-0.04439490752680744,-0.024152380006155494
20.001000000000204,0.03520260615928575,-0.0406725016973056,-0.02192106176015618,0.03520260615928575,-0.0406725016973056,-0.02192106176015618
20.10200000000009,0.03488975285916926,-0.03670846544758943,-0.019527189370938336,0.03488975285916926,-0.03670846544758943,-0.019527189370938336
20.201000000000022,0.03451635961232011,-0.032741611987286645,-0.017112852673399348,0.03451635961232011,-0.032741611987286645,-0.017112852673399348
20.30100000000016,0.03408167806402687,-0.02876947173651692,-0.01467598242581869,0.03408167806402687,-0.02876947173651692,-0.01467598242581869
20.402000000000044,0.03360696205391142,-0.024957447721512815,-0.012318671267004144,0.03360696205391142,-0.024957447721512815,-0.012318671267004144
20.501000000000204,0.03315062982151343,-0.021660492253282704,-0.010264740045265008,0.03315062982151343,-0.021660492253282704,-0.010264740045265008
20.601000000000113,0.03270885558165312,-0.01872805664822169,-0.008425819318080396,0.03270885558165312,-0.01872805664822169,-0.008425819318080396
20.701000000000022,0.032338848367758105,-0.01642974540232431,-0.006976443195193083,0.032338848367758105,-0.01642974540232431,-0.006976443195193083
20.800000000000182,0.03205853004441331,-0.014769647421593063,-0.0059250316140495585,0.03205853004441331,-0.014769647421593063,-0.0059250316140495585
20.901000000000067,0.031863702833991286,-0.013652507260676655,-0.00521534228482512,0.031863702833991286,-0.013652507260676655,-0.00521534228482512
20.999000000000024,0.031764869806308355,-0.01309647803123748,-0.004861459438502358,0.031764869806308355,-0.01309647803123748,-0.004861459438502358
21.101000000000113,0.0317317275691458,-0.012911570102121017,-0.00474367876313031,0.0317317275691458,-0.012911570102121017,-0.00474367876313031
21.201000000000022,0.03574090813458464,-0.05153933878331643,-0.030805404086429622,0.03574090813458464,-0.05153933878331643,-0.030805404086429622
21.30100000000016,0.03572954351704272,-0.05142045927787661,-0.030724912846815444,0.03572954351704272,-0.05142045927787661,-0.030724912846815444
21.401000000000067,0.03568713638358534,-0.050981639995009875,-0.030427594537702496,0.03568713638358534,-0.050981639995009875,-0.030427594537702496
21.5,0.035597965489933825,-0.05008220069653835,-0.02981719327840182,0.035597965489933825,-0.05008220069653835,-0.02981719327840182
21.604000000000042,0.03544961060604346,-0.04864894420662036,-0.028841742693901273,0.03544961060604346,-0.04864894420662036,-0.028841742693901273
21.701000000000022,0.035236859499696016,-0.04671201489936544,-0.02751803153109822,0.035236859499696016,-0.04671201489936544,-0.02751803153109822
21.80100000000016,0.03494307984055506,-0.04422620324254142,-0.02580988411234575,0.03494307984055506,-0.04422620324254142,-0.02580988411234575
21.901000000000067,0.03455885354973731,-0.0412377032950689,-0.023742209514342583,0.03455885354973731,-0.0412377032950689,-0.023742209514342583
22.001000000000204,0.03409984379658021,-0.0379711713497094,-0.02146422185117125,0.03409984379658021,-0.0379711713497094,-0.02146422185117125
22.101000000000113,0.033566907816680036,-0.03449928505717559,-0.01902202552861887,0.033566907816680036,-0.03449928505717559,-0.01902202552861887
22.200000000000045,0.03298780343159535,-0.031031459191699667,-0.016560578229548484,0.03298780343159535,-0.031031459191699667,-0.016560578229548484
22.300000000000182,0.03234908372809564,-0.027497629603550122,-0.014028996079767708,0.03234908372809564,-0.027497629603550122,-0.014028996079767708
22.401000000000067,0.031717278598960785,-0.024244471333229045,-0.011677195007573138,0.031717278598960785,-0.024244471333229045,-0.011677195007573138
22.501000000000204,0.03112513064627412,-0.021376711285058414,-0.009586688810548916,0.03112513064627412,-0.021376711285058414,-0.009586688810548916
22.605999999999995,0.030571202516874896,-0.018829336515592737,-0.007715826116440727,0.030571202516874896,-0.018829336515592737,-0.007715826116440727
22.701000000000022,0.03011902870082231,-0.016834959322157145,-0.006241800786635832,0.03011902870082231,-0.016834959322157145,-0.006241800786635832
22.80100000000016,0.029782516197664338,-0.015395564095276176,-0.005172805299008321,0.029782516197664338,-0.015395564095276176,-0.005172805299008321
22.901000000000067,0.029554770823170762,-0.014441605764441562,-0.004461922416902575,0.029554770823170762,-0.014441605764441562,-0.004461922416902575
23.001000000000204,0.029434923038576144,-0.01394584746006916,-0.004091723630795241,0.029434923038576144,-0.01394584746006916,-0.004091723630795241
23.101000000000113,0.029396217214296944,-0.013786635475610903,-0.003972723681289536,0.029396217214296944,-0.013786635475610903,-0.003972723681289536
23.20400000000018,0.03314586824319751,-0.04992086443315222,-0.028351083933850107,0.03314586824319751,-0.04992086443315222,-0.028351083933850107
23.30100000000016,0.033130574702232296,-0.04979783559172349,-0.0282720731716104,0.033130574702232296,-0.04979783559172349,-0.0282720731716104
23.401000000000067,0.03307251790451021,-0.04933439342077847,-0.027974186158422953,0.03307251790451021,-0.04933439342077847,-0.027974186158422953
23.501000000000204,0.03307251790451021,-0.04933439342077847,-0.027974186158422953,0.03307251790451021,-0.04933439342077847,-0.027974186158422953
23.601000000000113,0.0327439901217402,-0.046811062081836496,-0.02634506203347242,0.03294071416376754,-0.048302539636705,-0.027309470523715462
23.701000000000022,0.03245682733967287,-0.04472744291413894,-0.024990572870050687,0.03245682733967287,-0.04472744291413894,-0.024990572870050687
23.80100000000016,0.032067123841076045,-0.042053428970047074,-0.0232398632786891,0.032067123841076045,-0.042053428970047074,-0.0232398632786891
23.90000000000009,0.03157770009585198,-0.03890579757676138,-0.02116091433742573,0.03157770009585198,-0.03890579757676138,-0.02116091433742573
24.0,0.030980249984508185,-0.03532508646382285,-0.018771633019951772,0.030980249984508185,-0.03532508646382285,-0.018771633019951772
24.101000000000113,0.030324661788247914,-0.031666534929842755,-0.01630317492392508,0.030324661788247914,-0.031666534929842755,-0.01630317492392508
24.201000000000022,0.029593733232276154,-0.027860658177839226,-0.013705465534564143,0.029593733232276154,-0.027860658177839226,-0.013705465534564143
24.305000000000064,0.028828804591342905,-0.02413253518328945,-0.01113064782909906,0.028828804591342905,-0.02413253518328945,-0.01113064782909906
24.401000000000067,0.028065025795933313,-0.020627771802007644,-0.00868223289175507,0.028065025795933313,-0.020627771802007644,-0.00868223289175507
24.5,0.02732709085239221,-0.017417928815507966,-0.0064156363384722526,0.02732709085239221,-0.017417928815507966,-0.0064156363384722526
24.59900000000016,0.026682257856001257,-0.014736874313162895,-0.00450433444598608,0.026682257856001257,-0.014736874313162895,-0.00450433444598608
24.701000000000022,0.026147540920463952,-0.012591969667143266,-0.0029631737835099647,0.026147540920463952,-0.012591969667143266,-0.0029631737835099647
24.80100000000016,0.025751142136541533,-0.011043955273639217,-0.0018441274735110924,0.025751142136541533,-0.011043955273639217,-0.0018441274735110924
24.909000000000106,0.025483559613749318,-0.010018019261095412,-0.0010993291174615782,0.025483559613749318,-0.010018019261095412,-0.0010993291174615782
25.001000000000204,0.025341263033326705,-0.009478440184210013,-0.0007065937358288199,0.025341263033326705,-0.009478440184210013,-0.0007065937358288199
25.101000000000113,0.025297585441909964,-0.009313634899337342,-0.0005864990042255269,0.025297585441909964,-0.009313634899337342,-0.0005864990042255269
25.201000000000022,0.028704154540357657,-0.042148152126766814,-0.022738269700298963,0.028704154540357657,-0.042148152126766814,-0.022738269700298963
25.30600000000004,0.028684672006614953,-0.042054585824376656,-0.022659451985150958,0.028684672006614953,-0.042054585824376656,-0.022659451985150958
25.401000000000067,0.02861365507277097,-0.041714824814626295,-0.022373021139145577,0.02861365507277097,-0.041714824814626295,-0.022373021139145577
25.501000000000204,0.028463502207392966,-0.04100306948232285,-0.021771836571652048,0.028463502207392966,-0.04100306948232285,-0.021771836571652048
25.603000000000065,0.02821324111644291,-0.039836031212706235,-0.02078271212098659,0.02821324111644291,-0.039836031212706235,-0.02078271212098659
25.701000000000022,0.027864443773668535,-0.038247498852208406,-0.019429533501604868,0.027864443773668535,-0.038247498852208406,-0.019429533501604868
25.80100000000016,0.027411926362505418,-0.03624788729348777,-0.01771487222766055,0.027411926362505418,-0.03624788729348777,-0.01771487222766055
25.901000000000067,0.02687285528297348,-0.033948510141635246,-0.01572734633736861,0.02687285528297348,-0.033948510141635246,-0.01572734633736861
26.001000000000204,0.026223279912014924,-0.03128570901722344,-0.013404156351521812,0.026223279912014924,-0.03128570901722344,-0.013404156351521812
26.100000000000136,0.025531972179346385,-0.028568098120930696,-0.011008831552237475,0.025531972179346385,-0.028568098120930696,-0.011008831552237475
26.211000000000013,0.024767652265454493,-0.02568815571173616,-0.008443011211071993,0.024767652265454493,-0.02568815571173616,-0.008443011211071993
26.30100000000016,0.024003937951442705,-0.02292766356664372,-0.005956512406309511,0.024767652265454493,-0.02568815571173616,-0.008443011211071993
26.401000000000067,0.02327371549550286,-0.02038693480809106,-0.00364397234604652,0.02327371549550286,-0.02038693480809106,-0.00364397234604652
26.501000000000204,0.02259358230117356,-0.01809952483543925,-0.001541891165978193,0.02259358230117356,-0.01809952483543925,-0.001541891165978193
26.60200000000009,0.02195964190660396,-0.01603066233163636,0.00037609666228738403,0.02195964190660396,-0.01603066233163636,0.00037609666228738403
26.701000000000022,0.021461634216287467,-0.01444530453255749,0.0018567986561118799,0.021461634216287467,-0.01444530453255749,0.0018567986561118799
26.80100000000016,0.021095439451005282,-0.013300752785855907,0.0029317913121892913,0.021095439451005282,-0.013300752785855907,0.0029317913121892913
26.901000000000067,0.020845711930419425,-0.01253012308263829,0.003658450285318693,0.020845711930419425,-0.01253012308263829,0.003658450285318693
27.007000000000062,0.02071859942818921,-0.012140873616295622,0.004026372152612145,0.02071859942818921,-0.012140873616295622,0.004026372152612145
27.10200000000009,0.020677960051207922,-0.01201684751987947,0.004143727559129506,0.020677960051207922,-0.01201684751987947,0.004143727559129506
27.201000000000022,0.023655465993182495,-0.04071704278856991,-0.01521764027797018,0.023655465993182495,-0.04071704278856991,-0.01521764027797018
27.30100000000016,0.02363691476103577,-0.04060849335204486,-0.015142820008574587,0.02363691476103577,-0.04060849335204486,-0.015142820008574587
27.401000000000067,0.02356299361188563,-0.04018085814422273,-0.014846895585987896,0.02356299361188563,-0.04018085814422273,-0.014846895585987896
27.506000000000085,0.02341083558179627,-0.03931177508772565,-0.014243340226861634,0.02341083558179627,-0.03931177508772565,-0.014243340226861634
27.605000000000018,0.02316344179769253,-0.03792521816317701,-0.013275622837759404,0.02316344179769253,-0.03792521816317701,-0.013275622837759404
27.705000000000155,0.022812057678897574,-0.036006823507545915,-0.011927508859716496,0.022812057678897574,-0.036006823507545915,-0.011927508859716496
27.80100000000016,0.022354527597056195,-0.033590455591163804,-0.010214398465514807,0.022354527597056195,-0.033590455591163804,-0.010214398465514807
27.902000000000044,0.0217951754142931,-0.030749138541857457,-0.008178452604631459,0.0217951754142931,-0.030749138541857457,-0.008178452604631459
28.001000000000204,0.021145060247357184,-0.027585749793905157,-0.005883992619637124,0.021145060247357184,-0.027585749793905157,-0.005883992619637124
28.101000000000113,0.02042219084220412,-0.024223650634457694,-0.003412867366969885,0.02042219084220412,-0.024223650634457694,-0.003412867366969885
28.201000000000022,0.019651304309048573,-0.02079744943106454,-0.0008594993141804452,0.019651304309048573,-0.02079744943106454,-0.0008594993141804452
28.302000000000135,0.019651304309048573,-0.02079744943106454,-0.0008594993141804452,0.019651304309048573,-0.02079744943106454,-0.0008594993141804452
28.40000000000009,0.01809145784241048,-0.014294373339560351,0.004087006241171642,0.018862911860726,-0.017444084712782082,0.0016746070955147019
28.504000000000133,0.017386238805943283,-0.011517880030780636,0.0062399209837936676,0.017386238805943283,-0.011517880030780636,0.0062399209837936676
28.60200000000009,0.016739780324158238,-0.009051572392495544,0.008173415311415966,0.016739780324158238,-0.009051572392495544,0.008173415311415966
28.701000000000022,0.016220359365265447,-0.007120635502123551,0.009701277397525576,0.016220359365265447,-0.007120635502123551,0.009701277397525576
28.805000000000064,0.015838149327227574,-0.005726985692945552,0.010811794871944336,0.015838149327227574,-0.005726985692945552,0.010811794871944336
28.901000000000067,0.015577608907882484,-0.004789654282309264,0.011562409583776134,0.015577608907882484,-0.004789654282309264,0.011562409583776134
29.00200000000018,0.015445302144678347,-0.004317493025603691,0.011941655825361441,0.015445302144678347,-0.004317493025603691,0.011941655825361441
29.103000000000065,0.015403318203889321,-0.00416819873408053,0.012061731315344104,0.015403318203889321,-0.00416819873408053,0.012061731315344104
29.201000000000022,0.017869806187635756,-0.027946513722189537,-0.003978917016120964,0.017869806187635756,-0.027946513722189537,-0.003978917016120964
29.30300000000011,0.017849724599292488,-0.02788963887748669,-0.0039058891256609773,0.017849724599292488,-0.02788963887748669,-0.0039058891256609773
29.40300000000002,0.017777395380617983,-0.02768517977502022,-0.003643162129290667,0.017777395380617983,-0.02768517977502022,-0.003643162129290667
29.501000000000204,0.01762182481338387,-0.02724747283770368,-0.0030796627056579595,0.01762182481338387,-0.02724747283770368,-0.0030796627056579595
29.60200000000009,0.017375734739457888,-0.026560737345007468,-0.0021926574927603193,0.017375734739457888,-0.026560737345007468,-0.0021926574927603193
29.705000000000155,0.01703201383221306,-0.025612891261839132,-0.000962501446071018,0.01703201383221306,-0.025612891261839132,-0.000962501446071018
29.802000000000135,0.01659346786120819,-0.024422162769004552,0.0005926954512255889,0.01659346786120819,-0.024422162769004552,0.0005926954512255889
29.906000000000176,0.016069609441006244,-0.023026127993780454,0.0024302012188938127,0.016069609441006244,-0.023026127993780454,0.0024302012188938127
30.00200000000018,0.015475770109817766,-0.021476784216634515,0.004487756027035494,0.015475770109817766,-0.021476784216634515,0.004487756027035494
30.110000000000127,0.01483218935054692,-0.019835619819353,0.006688682437502813,0.01483218935054692,-0.019835619819353,0.006688682437502813
30.201999999999998,0.01417641373234374,-0.018202003864433824,0.008901922882318947,0.01483218935054692,-0.019835619819353,0.006688682437502813
30.304000000000087,0.01349464050748006,-0.016542966198772824,0.01117310505167024,0.01349464050748006,-0.016542966198772824,0.01117310505167024
30.40000000000009,0.01286711012796557,-0.015049714856102514,0.013238095283863993,0.01286711012796557,-0.015049714856102514,0.013238095283863993
30.501000000000204,0.012269806708416098,-0.013657159782322292,0.01518199925679714,0.012269806708416098,-0.013657159782322292,0.01518199925679714
30.60200000000009,0.011763090663356845,-0.012496948420407161,0.016815254619125142,0.011763090663356845,-0.012496948420407161,0.016815254619125142
30.701999999999998,0.011352520906377117,-0.011570647308775273,0.018128334127116175,0.011352520906377117,-0.011570647308775273,0.018128334127116175
30.80100000000016,0.011053312239101581,-0.010903153496087448,0.019079630658709545,0.011053312239101581,-0.010903153496087448,0.019079630658709545
30.902000000000044,0.010850706854200753,-0.010454718881982072,0.01972115118242218,0.010850706854200753,-0.010454718881982072,0.01972115118242218
31.001000000000204,0.010748232313564282,-0.010228985841758242,0.020044822044545996,0.010748232313564282,-0.010228985841758242,0.020044822044545996
31.10200000000009,0.010715773007589358,-0.010157633774870056,0.020147235153695486,0.010715773007589358,-0.010157633774870056,0.020147235153695486
31.201000000000022,0.01258224114274023,-0.028153229074895647,0.008009238194502222,0.01258224114274023,-0.028153229074895647,0.008009238194502222
31.30100000000016,0.012565608621324248,-0.028060235882536755,0.008074868575901839,0.012565608621324248,-0.028060235882536755,0.008074868575901839
31.401000000000067,0.012501662612696834,-0.027703722888273552,0.008326743766098654,0.012501662612696834,-0.027703722888273552,0.008326743766098654
31.50500000000011,0.012364783850548372,-0.0269459194287196,0.008863525741172051,0.012364783850548372,-0.0269459194287196,0.008863525741172051
31.60200000000009,0.012146719118331983,-0.025753255112720086,0.009712199245285158,0.012146719118331983,-0.025753255112720086,0.009712199245285158
31.701999999999998,0.011839486675753352,-0.024102166845063555,0.010894922565446219,0.011839486675753352,-0.024102166845063555,0.010894922565446219
31.80100000000016,0.011452127445854443,-0.022066705789660412,0.012365630948626471,0.011452127445854443,-0.022066705789660412,0.012365630948626471
31.901000000000067,0.010964447318963066,-0.019572684815236552,0.014186921964937815,0.010964447318963066,-0.019572684815236552,0.014186921964937815
32.001000000000204,0.010414363902334495,-0.016844529441600753,0.01620379946147732,0.010414363902334495,-0.016844529441600753,0.01620379946147732
32.103000000000065,0.00980996488549335,-0.013942559975070323,0.018377825795746372,0.00980996488549335,-0.013942559975070323,0.018377825795746372
32.20100000000002,0.00917276623645516,-0.010982528880016718,0.020626280674270803,0.00917276623645516,-0.010982528880016718,0.020626280674270803
32.30100000000016,0.008527961272198126,-0.008082544417962911,0.02285994034643185,0.008527961272198126,-0.008082544417962911,0.02285994034643185
32.40100000000007,0.00790291067623769,-0.005355818556404102,0.02498845381946624,0.00790291067623769,-0.005355818556404102,0.02498845381946624
32.501000000000204,0.007325111133092699,-0.0029038084350318516,0.026926335593372874,0.007325111133092699,-0.0029038084350318516,0.026926335593372874
32.60100000000011,0.006828992388751315,-0.0008476715243278532,0.02856899697978743,0.006828992388751315,-0.0008476715243278532,0.02856899697978743
32.702,0.006414170836934158,0.0008384781000276842,0.029928245185638913,0.006414170836934158,0.0008384781000276842,0.029928245185638913
32.80100000000016,0.00609898474826695,0.002100368281583609,0.030952740711909343,0.00609898474826695,0.002100368281583609,0.030952740711909343
32.902000000000044,0.005900919012800154,0.00288510971442435,0.031593008824390256,0.005900919012800154,0.00288510971442435,0.031593008824390256
33.001000000000204,0.005793049445727838,0.0033098722693336025,0.031940586672242643,0.005793049445727838,0.0033098722693336025,0.031940586672242643
33.11200000000008,0.005759542024707853,0.0034414441272929697,0.03204839536503823,0.005759542024707853,0.0034414441272929697,0.03204839536503823
33.20100000000002,0.006941384108809678,-0.007959080200187763,0.024359343464496808,0.0069438463150764684,-0.007966946500286232,0.024351394851689745
33.30400000000009,0.006924918779193101,-0.007957520229968373,0.024413332335493088,0.006924918779193101,-0.007957520229968373,0.024413332335493088
33.402000000000044,0.006859625999196761,-0.007947982590055636,0.024627293684684137,0.006859625999196761,-0.007947982590055636,0.024627293684684137
33.501000000000204,0.006726487441176127,-0.007926529780124536,0.02506317901057742,0.006726487441176127,-0.007926529780124536,0.02506317901057742
33.60100000000011,0.006513388062128617,-0.007891415688737746,0.025759805428966498,0.006513388062128617,-0.007891415688737746,0.025759805428966498
33.7030000000002,0.006224123187665576,-0.007844416009757826,0.026703409470797912,0.006224123187665576,-0.007844416009757826,0.026703409470797912
33.80100000000016,0.005842836066810936,-0.007784938521084472,0.027943714946313314,0.005842836066810936,-0.007784938521084472,0.027943714946313314
33.90100000000007,0.005409363771989195,-0.007721471740794739,0.029349032152425125,0.005409363771989195,-0.007721471740794739,0.029349032152425125
34.001000000000204,0.004914008680199172,-0.00765479326193913,0.030948884128168264,0.004914008680199172,-0.00765479326193913,0.030948884128168264
34.10100000000011,0.00438342318171786,-0.007590538812577652,0.03265542771969199,0.00438342318171786,-0.007590538812577652,0.03265542771969199
34.200000000000045,0.0038274342273487416,-0.007531287018080368,0.034435935406308626,0.0038274342273487416,-0.007531287018080368,0.034435935406308626
34.30600000000004,0.0033004637762549804,-0.007482801616669088,0.036116320152844605,0.0033004637762549804,-0.007482801616669088,0.036116320152844605
34.40100000000007,0.0027911967922676917,-0.007443040332400341,0.03773370663570719,0.0027911967922676917,-0.007443040332400341,0.03773370663570719
34.501000000000204,0.002330235035704842,-0.007413042944278414,0.03919221423035657,0.002330235035704842,-0.007413042944278414,0.03919221423035657
34.60100000000011,0.0019342162008675057,-0.007391792841471345,0.04044114644496166,0.0019342162008675057,-0.007391792841471345,0.04044114644496166
34.705000000000155,0.0016153284526067013,-0.007377694323284056,0.04144411073597004,0.0016153284526067013,-0.007377694323284056,0.04144411073597004
34.80100000000016,0.0013760780230268888,-0.007368861334491661,0.0421950221808548,0.0013760780230268888,-0.007368861334491661,0.0421950221808548
34.90100000000007,0.0012249021122460735,-0.007364036842839428,0.042668809861600376,0.0012249021122460735,-0.007364036842839428,0.042668809861600376
35.001000000000204,0.0011466806285824471,-0.007361761919835896,0.042913747225561294,0.0011466806285824471,-0.007361761919835896,0.042913747225561294
35.10200000000009,0.0011219287272515588,-0.007361070169229322,0.04299122377324682,0.0011219287272515588,-0.007361070169229322,0.04299122377324682
35.20100000000002,0.0011202489186428743,-0.007359067203466074,0.042997195072601746,0.0011202489186428743,-0.007359067203466074,0.042997195072601746
35.31000000000017,0.0011060896150063837,-0.0072827808701731445,0.043049457258435064,0.0011060896150063837,-0.0072827808701731445,0.043049457258435064
35.40100000000007,0.0010540736589511879,-0.007000519720982867,0.04324335576139082,0.0010540736589511879,-0.007000519720982867,0.04324335576139082
35.501000000000204,0.00094963259091288,-0.006436811257401864,0.043631390460329655,0.00094963259091288,-0.006436811257401864,0.043631390460329655
35.60100000000011,0.0007788989334832908,-0.005521265911000384,0.044264023949382614,0.0007788989334832908,-0.005521265911000384,0.044264023949382614
35.70100000000002,0.000539307707348724,-0.004251891134764596,0.045145943757470386,0.000539307707348724,-0.004251891134764596,0.045145943757470386
35.802000000000135,0.00023232050488966594,-0.002649677420681007,0.04626716153320265,0.00023232050488966594,-0.002649677420681007,0.04626716153320265
35.90100000000007,0.00010089360105380862,-0.000868390435825872,0.047437998975412565,0.00010089360105380862,-0.000868390435825872,0.047437998975412565
36.00800000000004,0.0011488439208036105,0.0005888927873790029,0.04794394980448169,0.0011488439208036105,0.0005888927873790029,0.04794394980448169
36.10100000000011,0.004351632909396996,0.0012234910123867793,0.0470904645137209,0.004351632909396996,0.0012234910123867793,0.0470904645137209
36.20100000000002,0.010449129224381654,0.000576823071837318,0.04432564239506276,0.010449129224381654,0.000576823071837318,0.04432564239506276
36.30100000000016,0.01993480181759627,-0.0018324959229925053,0.039222353668738,0.01993480181759627,-0.0018324959229925053,0.039222353668738
36.40100000000007,0.033337495818912155,-0.0066769155716796535,0.03128078112803867,0.033337495818912155,-0.0066769155716796535,0.03128078112803867
36.50200000000018,0.049702798610790216,-0.014224545420084167,0.020840199291552564,0.049702798610790216,-0.014224545420084167,0.020840199291552564
36.60100000000011,0.0699840796808138,-0.025808267453500178,0.0069366554049934415,0.0699840796808138,-0.025808267453500178,0.0069366554049934415
36.70100000000002,0.09237181100557815,-0.041561329851138085,-0.00970297747794624,0.09237181100557815,-0.041561329851138085,-0.00970297747794624
36.80100000000016,0.1157164022338126,-0.06180548212345788,-0.028792374314000335,0.1157164022338126,-0.06180548212345788,-0.028792374314000335
36.902000000000044,0.13967169923514597,-0.08774396176621224,-0.05088489848829203,0.13967169923514597,-0.08774396176621224,-0.05088489848829203
37.001000000000204,0.16225106369921075,-0.11906259753361509,-0.0752709412910525,0.16225106369921075,-0.11906259753361509,-0.0752709412910525
37.10100000000011,0.18186950210287664,-0.15537584707438531,-0.1014893140992762,0.18186950210287664,-0.15537584707438531,-0.1014893140992762
37.202,0.19705586389393917,-0.1958246064645076,-0.1289823031599877,0.19705586389393917,-0.1958246064645076,-0.1289823031599877
37.30100000000016,0.2067728265621844,-0.2399954816292157,-0.15768707872776733,0.2067728265621844,-0.2399954816292157,-0.15768707872776733
37.402000000000044,0.20993948419862243,-0.28361669602468564,-0.18524621794684304,0.20993948419862243,-0.28361669602468564,-0.18524621794684304
37.50200000000018,0.20682784634343362,-0.3275775568448249,-0.21269596673319946,0.20682784634343362,-0.3275775568448249,-0.21269596673319946
37.60100000000011,0.1975591653347781,-0.37010079494648535,-0.23936357030632305,0.1975591653347781,-0.37010079494648535,-0.23936357030632305
37.702,0.18385216002831853,-0.4073540332265347,-0.263195290687367,0.18385216002831853,-0.4073540332265347,-0.263195290687367
37.80300000000011,0.16602460119258874,-0.441337256009669,-0.28569646607644505,0.16602460119258874,-0.441337256009669,-0.28569646607644505
37.90000000000009,0.14662683924224587,-0.4693703682144804,-0.30516474666439186,0.14662683924224587,-0.4693703682144804,-0.30516474666439186
38.003000000000156,0.1269245154269565,-0.49209566389319725,-0.32188107342526706,0.1269245154269565,-0.49209566389319725,-0.32188107342526706
38.10100000000011,0.10833101627795491,-0.5098131591618307,-0.33577818256749725,0.10833101627795491,-0.5098131591618307,-0.33577818256749725
38.20400000000018,0.09196817201032079,-0.5230731969488347,-0.3468934435550628,0.09196817201032079,-0.5230731969488347,-0.3468934435550628
38.30000000000018,0.07859719558613318,-0.5325479881508413,-0.3553556437354948,0.07859719558613318,-0.5325479881508413,-0.3553556437354948
38.40300000000002,0.06859202324332028,-0.5389268939421343,-0.36137542997126804,0.06859202324332028,-0.5389268939421343,-0.36137542997126804
38.501000000000204,0.061941652979966705,-0.5428548387278074,-0.3652431362760359,0.061941652979966705,-0.5428548387278074,-0.3652431362760359
38.60100000000011,0.058268428086158924,-0.5449218460585937,-0.36733594712008,0.058268428086158924,-0.5449218460585937,-0.36733594712008
38.70100000000002,0.056865461366895326,-0.5456921989753343,-0.36812705620812103,0.056865461366895326,-0.5456921989753343,-0.36812705620812103
38.80100000000016,0.05665989181423267,-0.5458041349675657,-0.3682425369342671,0.05665989181423267,-0.5458041349675657,-0.3682425369342671
38.90100000000007,0.05665989181509076,-0.5458041349675227,-0.3682425369339064,0.05665989181509076,-0.5458041349675227,-0.3682425369339064
39.001000000000204,0.05665989181509193,-0.5458041349675227,-0.36824253693390596,0.05665989181509193,-0.5458041349675227,-0.36824253693390596
39.111000000000104,0.05665989181509076,-0.5458041349675227,-0.3682425369339064,0.05665989181509076,-0.5458041349675227,-0.3682425369339064
39.202,0.05665989181509026,-0.5458041349675227,-0.36824253693390663,0.05665989181509076,-0.5458041349675227,-0.3682425369339064
39.30100000000016,0.05665989181509132,-0.5458041349675229,-0.3682425369339062,0.05665989181509132,-0.5458041349675229,-0.3682425369339062
39.402000000000044,0.05665989181509026,-0.5458041349675227,-0.36824253693390663,0.05665989181509026,-0.5458041349675227,-0.36824253693390663
39.5,0.05665989181509143,-0.5458041349675227,-0.3682425369339062,0.05665989181509143,-0.5458041349675227,-0.3682425369339062
39.60200000000009,0.05665989181509021,-0.5458041349675227,-0.36824253693390707,0.05665989181509021,-0.5458041349675227,-0.36824253693390707
39.700000000000045,0.0566598918150901,-0.5458041349675229,-0.36824253693390663,0.0566598918150901,-0.5458041349675229,-0.36824253693390663
39.802000000000135,0.05665989181509193,-0.5458041349675227,-0.36824253693390596,0.05665989181509193,-0.5458041349675227,-0.36824253693390596
39.902000000000044,0.056659891815091595,-0.5458041349675229,-0.3682425369339064,0.056659891815091595,-0.5458041349675229,-0.3682425369339064
39.986000000000104,0.0566598918150901,-0.5458041349675229,-0.36824253693390663,0.0566598918150901,-0.5458041349675229,-0.36824253693390663
39.98700000000008,0.056659891815090874,-0.5458041349675227,-0.3682425369339064,0.0566598918150901,-0.5458041349675229,-0.36824253693390663
39.98700000000008,0.05665989181509121,-0.5458041349675229,-0.3682425369339062,0.05665989181509121,-0.5458041349675229,-0.3682425369339062
40.30100000000016,0.0566598918150901,-0.5458041349675229,-0.36824253693390663,0.0566598918150901,-0.5458041349675229,-0.36824253693390663
40.402000000000044,0.05665989181509137,-0.5458041349675227,-0.3682425369339062,0.05665989181509137,-0.5458041349675227,-0.3682425369339062
40.5,0.0566598918150901,-0.5458041349675229,-0.36824253693390663,0.0566598918150901,-0.5458041349675229,-0.36824253693390663
40.58600000000001,0.05665989181509143,-0.5458041349675229,-0.36824253693390585,0.05665989181509143,-0.5458041349675229,-0.36824253693390585
40.69200000000001,0.05665989181509115,-0.5458041349675227,-0.36824253693390663,0.05665989181509115,-0.5458041349675227,-0.36824253693390663
40.787000000000035,0.05665989181509143,-0.5458041349675229,-0.36824253693390585,0.05665989181509143,-0.5458041349675229,-0.36824253693390585
40.787000000000035,0.05665989181509032,-0.5458041349675229,-0.3682425369339063,0.05665989181509032,-0.5458041349675229,-0.3682425369339063
40.787000000000035,0.05665989181509126,-0.5458041349675227,-0.3682425369339062,0.05665989181509126,-0.5458041349675227,-0.3682425369339062
40.787000000000035,0.05665989181508971,-0.5458041349675229,-0.36824253693390685,0.05665989181508971,-0.5458041349675229,-0.36824253693390685
40.787000000000035,0.05665989181509121,-0.5458041349675229,-0.3682425369339062,0.05665989181509121,-0.5458041349675229,-0.3682425369339062
40.787000000000035,0.05665989181509176,-0.5458041349675229,-0.36824253693390596,0.05665989181509176,-0.5458041349675229,-0.36824253693390596
41.409000000000106,0.05665989181509021,-0.5458041349675227,-0.36824253693390707,0.05665989181509021,-0.5458041349675227,-0.36824253693390707
41.5,0.056659891815091096,-0.5458041349675229,-0.3682425369339065,0.056659891815091096,-0.5458041349675229,-0.3682425369339065
